Barcodes,original_name,compound_name,core_common_name,conjugation,substituents,side_chain_group,core_alkene,salt,mw_g_mol,formula,SMILES_unsalted,compound_type,state,concentration_mM
,Ala-CA,Ala-CA,CA,Ala,3a_7a_12a,carboxylic_acid,NA,NA,479.658,C27H45NO6,C[C@@H](C(O)=O)NC(CC[C@@H](C)[C@H]1CC[C@@]2([H])[C@]3([H])[C@H](O)C[C@]4([H])C[C@H](O)CC[C@]4(C)[C@@]3([H])C[C@H](O)[C@]12C)=O,bile_acid,solid,NA
,Arg-CA,Arg-CA,CA,Arg,3a_7a_12a,carboxylic_acid,NA,NA,564.768,C30H52N4O6,N=C(N)NCCC[C@@H](C(O)=O)NC(CC[C@@H](C)[C@H]1CC[C@@]2([H])[C@]3([H])[C@H](O)C[C@]4([H])C[C@H](O)CC[C@]4(C)[C@@]3([H])C[C@H](O)[C@]12C)=O.C[C@@H]([C@H]1CC[C@]2([C@@]3([C@@H](C[C@@]4(C[C@@H](CC[C@@]4([C@]3(C[C@@H]([C@]12C)O)[H])C)O)[H])O)[H])[H])CCC(NC(NCCC[C@@H](C(O)=O)N)=N)=O,bile_acid,solid,NA
,Cit-CDCA,Cit-CDCA,CDCA,Cit,3a_7a,carboxylic_acid,NA,NA,549.753,C30H51N3O6,O[C@@H]1CC[C@@]2([C@]3(CC[C@@]4([C@H](CC[C@]4([C@@]3([C@@H](C[C@]2([H])C1)O)[H])[H])[C@@H](CCC(N[C@H](C(O)=O)CCCNC(N)=O)=O)C)C)[H])C.O=C(O)[C@H](CCCNC(NC(CC[C@@H](C)[C@@H](CC[C@@]1([H])[C@]2([H])[C@H](O)C[C@@]3(C4)[H])[C@@]1(C)CC[C@]2([H])[C@@]3(C)CC[C@H]4O)=O)=O)N,bile_acid,solid,NA
,Cit-HDCA,Cit-HDCA,HDCA,Cit,3a_6a,carboxylic_acid,NA,NA,549.753,C30H51N3O6,O=C(NCCC[C@H](NC(CC[C@H]([C@H]1CC[C@]2([C@@]3(C[C@@H]([C@]4([H])C[C@@H](CC[C@@]4([C@]3(CC[C@]12C)[H])C)O)O)[H])[H])C)=O)C(O)=O)N.[H][C@]1(C[C@H](O)CC[C@]1(C)[C@@]2([H])CC[C@]34C)[C@@H](O)C[C@@]2([H])[C@]4([H])CC[C@@H]3[C@H](C)CCC(NC(NCCC[C@@H](C(O)=O)N)=O)=O,bile_acid,solid,NA
,Cit-UDCA,Cit-UDCA,UDCA,Cit,3a_7b,carboxylic_acid,NA,NA,549.753,C30H51N3O6,O=C(NCCC[C@H](NC(CC[C@H]([C@H]1CC[C@]2([C@@]3([C@H](C[C@]4([H])C[C@@H](CC[C@@]4([C@]3(CC[C@]12C)[H])C)O)O)[H])[H])C)=O)C(O)=O)N.[H][C@]1(C[C@H](O)CC[C@]1(C)[C@@]2([H])CC[C@]34C)C[C@H](O)[C@@]2([H])[C@]4([H])CC[C@@H]3[C@H](C)CCC(NC(NCCC[C@@H](C(O)=O)N)=O)=O,bile_acid,solid,NA
,His-CA,His-CA,CA,His,3a_7a_12a,carboxylic_acid,NA,NA,545.721,C30H47N3O6,O=C(O)[C@H](CC1=CNC=N1)NC(CC[C@@H](C)[C@H]2CC[C@@]3([H])[C@]4([H])[C@H](O)C[C@]5([H])C[C@H](O)CC[C@]5(C)[C@@]4([H])C[C@H](O)[C@]23C)=O,bile_acid,solid,NA
,His-CDCA,His-CDCA,CDCA,His,3a_7a,carboxylic_acid,NA,NA,529.722,C30H47N3O5,O=C([C@@H](NC(CC[C@H]([C@H]1CC[C@]2([C@@]3([C@@H](C[C@]4([H])C[C@@H](CC[C@@]4([C@]3(CC[C@]12C)[H])C)O)O)[H])[H])C)=O)CC5=CNC=N5)O,bile_acid,solid,NA
,His-DCA,His-DCA,DCA,His,3a_12a,carboxylic_acid,NA,NA,529.722,C30H47N3O5,O=C(O)[C@H](CC1=CNC=N1)NC(CC[C@@H](C)[C@H]2CC[C@@]3([H])[C@]4([H])CC[C@]5([H])C[C@H](O)CC[C@]5(C)[C@@]4([H])C[C@H](O)[C@]23C)=O,bile_acid,solid,NA
,His-HDCA,His-HDCA,HDCA,His,3a_6a,carboxylic_acid,NA,NA,529.722,C30H47N3O5,O=C([C@@H](NC(CC[C@H]([C@H]1CC[C@]2([C@@]3(C[C@@H]([C@]4([H])C[C@@H](CC[C@@]4([C@]3(CC[C@]12C)[H])C)O)O)[H])[H])C)=O)CC5=CNC=N5)O,bile_acid,solid,NA
,His-UDCA,His-UDCA,UDCA,His,3a_7b,carboxylic_acid,NA,NA,529.722,C30H47N3O5,O=C([C@@H](NC(CC[C@H]([C@H]1CC[C@]2([C@@]3([C@H](C[C@]4([H])C[C@@H](CC[C@@]4([C@]3(CC[C@]12C)[H])C)O)O)[H])[H])C)=O)CC5=CNC=N5)O,bile_acid,solid,NA
,Ile-CA,Ile-CA,CA,Ile,3a_7a_12a,carboxylic_acid,NA,NA,521.739,C30H51NO6,CC[C@H](C)[C@@H](C(O)=O)NC(CC[C@@H](C)[C@H]1CC[C@@]2([H])[C@]3([H])[C@H](O)C[C@]4([H])C[C@H](O)CC[C@]4(C)[C@@]3([H])C[C@H](O)[C@]12C)=O,bile_acid,solid,NA
,Ile-CDCA,Ile-CDCA,CDCA,Ile,3a_7a,carboxylic_acid,NA,NA,505.740,C30H51NO5,O[C@@H]1CC[C@@]2([C@]3(CC[C@@]4([C@H](CC[C@]4([C@@]3([C@@H](C[C@]2([H])C1)O)[H])[H])[C@@H](CCC(N[C@H](C(O)=O)[C@H](CC)C)=O)C)C)[H])C,bile_acid,solid,NA
,Ile-DCA,Ile-DCA,DCA,Ile,3a_12a,carboxylic_acid,NA,NA,505.740,C30H51NO5,CC[C@H](C)[C@@H](C(O)=O)NC(CC[C@@H](C)[C@H]1CC[C@@]2([H])[C@]3([H])CC[C@]4([H])C[C@H](O)CC[C@]4(C)[C@@]3([H])C[C@H](O)[C@]12C)=O,bile_acid,solid,NA
,Ile-HDCA,Ile-HDCA,HDCA,Ile,3a_6a,carboxylic_acid,NA,NA,505.740,C30H51NO5,CC[C@@H]([C@H](NC(CC[C@H]([C@H]1CC[C@]2([C@@]3(C[C@@H]([C@]4([H])C[C@@H](CC[C@@]4([C@]3(CC[C@]12C)[H])C)O)O)[H])[H])C)=O)C(O)=O)C,bile_acid,solid,NA
,Ile-UDCA,Ile-UDCA,UDCA,Ile,3a_7b,carboxylic_acid,NA,NA,505.740,C30H51NO5,CC[C@@H]([C@H](NC(CC[C@H]([C@H]1CC[C@]2([C@@]3([C@H](C[C@]4([H])C[C@@H](CC[C@@]4([C@]3(CC[C@]12C)[H])C)O)O)[H])[H])C)=O)C(O)=O)C,bile_acid,solid,NA
,Leu-CA,Leu-CA,CA,Leu,3a_7a_12a,carboxylic_acid,NA,NA,521.739,C30H51NO6,CC(C)C[C@@H](C(O)=O)NC(CC[C@@H](C)[C@H]1CC[C@@]2([H])[C@]3([H])[C@H](O)C[C@]4([H])C[C@H](O)CC[C@]4(C)[C@@]3([H])C[C@H](O)[C@]12C)=O,bile_acid,solid,NA
,Leu-CDCA (1),Leu-CDCA,CDCA,Leu,3a_7a,carboxylic_acid,NA,NA,505.740,C30H51NO5,CC(C[C@H](NC(CC[C@H]([C@H]1CC[C@]2([C@@]3([C@@H](C[C@]4([H])C[C@@H](CC[C@@]4([C@]3(CC[C@]12C)[H])C)O)O)[H])[H])C)=O)C(O)=O)C,bile_acid,solid,NA
,Leu-CDCA (2),Leu-CDCA,CDCA,Leu,3a_7a,carboxylic_acid,NA,NA,505.740,C30H51NO5,CC(C[C@H](NC(CC[C@H]([C@H]1CC[C@]2([C@@]3([C@@H](C[C@]4([H])C[C@@H](CC[C@@]4([C@]3(CC[C@]12C)[H])C)O)O)[H])[H])C)=O)C(O)=O)C,bile_acid,solid,NA
,Leu-CDCA (3),Leu-CDCA,CDCA,Leu,3a_7a,carboxylic_acid,NA,NA,505.740,C30H51NO5,CC(C[C@H](NC(CC[C@H]([C@H]1CC[C@]2([C@@]3([C@@H](C[C@]4([H])C[C@@H](CC[C@@]4([C@]3(CC[C@]12C)[H])C)O)O)[H])[H])C)=O)C(O)=O)C,bile_acid,solid,NA
,Leu-DCA,Leu-DCA,DCA,Leu,3a_12a,carboxylic_acid,NA,NA,505.740,C30H51NO5,CC(C)C[C@@H](C(O)=O)NC(CC[C@@H](C)[C@H]1CC[C@@]2([H])[C@]3([H])CC[C@]4([H])C[C@H](O)CC[C@]4(C)[C@@]3([H])C[C@H](O)[C@]12C)=O,bile_acid,solid,NA
,Leu-HDCA (1),Leu-HDCA,HDCA,Leu,3a_6a,carboxylic_acid,NA,NA,505.740,C30H51NO5,CC(C[C@H](NC(CC[C@H]([C@H]1CC[C@]2([C@@]3(C[C@@H]([C@]4([H])C[C@@H](CC[C@@]4([C@]3(CC[C@]12C)[H])C)O)O)[H])[H])C)=O)C(O)=O)C,bile_acid,solid,NA
,Leu-HDCA (1),Leu-HDCA,HDCA,Leu,3a_6a,carboxylic_acid,NA,NA,505.740,C30H51NO5,CC(C[C@H](NC(CC[C@H]([C@H]1CC[C@]2([C@@]3(C[C@@H]([C@]4([H])C[C@@H](CC[C@@]4([C@]3(CC[C@]12C)[H])C)O)O)[H])[H])C)=O)C(O)=O)C,bile_acid,solid,NA
,Lys-CA (A),Lys-CA,CA,Lys,3a_7a_12a,carboxylic_acid,NA,NA,536.754,C30H52N2O6,O[C@@H]1CC[C@]2(C)[C@@]3([H])C[C@H](O)[C@]4(C)[C@@H]([C@H](C)CCC(NCCCC[C@@H](C(O)=O)N)=O)CC[C@@]4([H])[C@]3([H])[C@H](O)C[C@@]([H])2C1.O[C@@H]1CC[C@@]2([C@]3(C[C@@H]([C@@]4([C@H](CC[C@]4([C@@]3([C@@H](C[C@@]2(C1)[H])O)[H])[H])[C@@H](CCC(N[C@H](C(O)=O)CCCCN)=O)C)C)O)[H])C,bile_acid,solid,NA
,Lys-CA (B),Lys-CA,CA,Lys,3a_7a_12a,carboxylic_acid,NA,NA,536.754,C30H52N2O6,O[C@@H]1CC[C@]2(C)[C@@]3([H])C[C@H](O)[C@]4(C)[C@@H]([C@H](C)CCC(NCCCC[C@@H](C(O)=O)N)=O)CC[C@@]4([H])[C@]3([H])[C@H](O)C[C@@]([H])2C1.O[C@@H]1CC[C@@]2([C@]3(C[C@@H]([C@@]4([C@H](CC[C@]4([C@@]3([C@@H](C[C@@]2(C1)[H])O)[H])[H])[C@@H](CCC(N[C@H](C(O)=O)CCCCN)=O)C)C)O)[H])C,bile_acid,solid,NA
,Lys-CDCA (A),Lys-CDCA,CDCA,Lys,3a_7a,carboxylic_acid,NA,NA,520.755,C30H52N2O5,N[C@H](C(O)=O)CCCCNC(CC[C@H]([C@H]1CC[C@]2([C@@]3([C@@H](C[C@]4([H])C[C@@H](CC[C@@]4([C@]3(CC[C@]12C)[H])C)O)O)[H])[H])C)=O.OC([C@H](CCCCN)NC(CC[C@@H](C)[C@H]1CC[C@@]2([H])[C@]3([H])[C@H](O)C[C@@]4(C[C@H](O)CC[C@]4(C)[C@@]3([H])CC[C@]12C)[H])=O)=O,bile_acid,solid,NA
,Lys-CDCA (B),Lys-CDCA,CDCA,Lys,3a_7a,carboxylic_acid,NA,NA,520.755,C30H52N2O5,N[C@H](C(O)=O)CCCCNC(CC[C@H]([C@H]1CC[C@]2([C@@]3([C@@H](C[C@]4([H])C[C@@H](CC[C@@]4([C@]3(CC[C@]12C)[H])C)O)O)[H])[H])C)=O.OC([C@H](CCCCN)NC(CC[C@@H](C)[C@H]1CC[C@@]2([H])[C@]3([H])[C@H](O)C[C@@]4(C[C@H](O)CC[C@]4(C)[C@@]3([H])CC[C@]12C)[H])=O)=O,bile_acid,solid,NA
,Lys-DCA (A),Lys-DCA,DCA,Lys,3a_12a,carboxylic_acid,NA,NA,520.755,C30H52N2O5,N[C@H](C(O)=O)CCCCNC(CC[C@@H](C)[C@H]1CC[C@@]2([H])[C@]3([H])CC[C@]4([H])C[C@H](O)CC[C@]4(C)[C@@]3([H])C[C@H](O)[C@]12C)=O.OC([C@H](CCCCN)NC(CC[C@H]([C@H]1CC[C@]2([C@@]3(CC[C@@]4(C[C@@H](CC[C@@]4([C@]3(C[C@@H]([C@]12C)O)[H])C)O)[H])[H])[H])C)=O)=O,bile_acid,solid,NA
,Lys-DCA (B),Lys-DCA,DCA,Lys,3a_12a,carboxylic_acid,NA,NA,520.755,C30H52N2O5,N[C@H](C(O)=O)CCCCNC(CC[C@@H](C)[C@H]1CC[C@@]2([H])[C@]3([H])CC[C@]4([H])C[C@H](O)CC[C@]4(C)[C@@]3([H])C[C@H](O)[C@]12C)=O.OC([C@H](CCCCN)NC(CC[C@H]([C@H]1CC[C@]2([C@@]3(CC[C@@]4(C[C@@H](CC[C@@]4([C@]3(C[C@@H]([C@]12C)O)[H])C)O)[H])[H])[H])C)=O)=O,bile_acid,solid,NA
,Lys-HDCA (A),Lys-HDCA,HDCA,Lys,3a_6a,carboxylic_acid,NA,NA,520.755,C30H52N2O5,N[C@@H](CCCCNC(CC[C@H]([C@H]1CC[C@]2([C@@]3(C[C@@H]([C@]4([H])C[C@@H](CC[C@@]4([C@]3(CC[C@]12C)[H])C)O)O)[H])[H])C)=O)C(O)=O.NCCCC[C@@H](C(O)=O)NC(CC[C@@H](C)[C@H]1CC[C@@]2([H])[C@]3([H])C[C@H](O)[C@@]4(C[C@H](O)CC[C@]4(C)[C@@]3([H])CC[C@]12C)[H])=O,bile_acid,solid,NA
,Lys-HDCA (B),Lys-HDCA,HDCA,Lys,3a_6a,carboxylic_acid,NA,NA,520.755,C30H52N2O5,N[C@@H](CCCCNC(CC[C@H]([C@H]1CC[C@]2([C@@]3(C[C@@H]([C@]4([H])C[C@@H](CC[C@@]4([C@]3(CC[C@]12C)[H])C)O)O)[H])[H])C)=O)C(O)=O.NCCCC[C@@H](C(O)=O)NC(CC[C@@H](C)[C@H]1CC[C@@]2([H])[C@]3([H])C[C@H](O)[C@@]4(C[C@H](O)CC[C@]4(C)[C@@]3([H])CC[C@]12C)[H])=O,bile_acid,solid,NA
,Lys-UDCA (A),Lys-UDCA,UDCA,Lys,3a_7b,carboxylic_acid,NA,NA,520.755,C30H52N2O5,N[C@@H](CCCCNC(CC[C@H]([C@H]1CC[C@]2([C@@]3([C@H](C[C@]4([H])C[C@@H](CC[C@@]4([C@]3(CC[C@]12C)[H])C)O)O)[H])[H])C)=O)C(O)=O.NCCCC[C@@H](C(O)=O)NC(CC[C@@H](C)[C@H]1CC[C@@]2([H])[C@]3([H])[C@@H](O)C[C@@]4(C[C@H](O)CC[C@]4(C)[C@@]3([H])CC[C@]12C)[H])=O,bile_acid,solid,NA
,Lys-UDCA (B),Lys-UDCA,UDCA,Lys,3a_7b,carboxylic_acid,NA,NA,520.755,C30H52N2O5,N[C@@H](CCCCNC(CC[C@H]([C@H]1CC[C@]2([C@@]3([C@H](C[C@]4([H])C[C@@H](CC[C@@]4([C@]3(CC[C@]12C)[H])C)O)O)[H])[H])C)=O)C(O)=O.NCCCC[C@@H](C(O)=O)NC(CC[C@@H](C)[C@H]1CC[C@@]2([H])[C@]3([H])[C@@H](O)C[C@@]4(C[C@H](O)CC[C@]4(C)[C@@]3([H])CC[C@]12C)[H])=O,bile_acid,solid,NA
,Met-DCA,Met-DCA,DCA,Met,3a_12a,carboxylic_acid,NA,NA,523.773,C29H49NO5S,CSCC[C@@H](C(O)=O)NC(CC[C@@H](C)[C@H]1CC[C@@]2([H])[C@]3([H])CC[C@]4([H])C[C@H](O)CC[C@]4(C)[C@@]3([H])C[C@H](O)[C@]12C)=O,bile_acid,solid,NA
,Met-HDCA,Met-HDCA,HDCA,Met,3a_6a,carboxylic_acid,NA,NA,523.773,C29H49NO5S,CSCC[C@H](NC(CC[C@@H](C)[C@H]1CC[C@@]2([H])[C@]3([H])C[C@H](O)C4C[C@H](O)CC[C@]4(C)[C@@]3([H])CC[C@]12C)=O)C(O)=O,bile_acid,solid,NA
,Met-UDCA,Met-UDCA,UDCA,Met,3a_7b,carboxylic_acid,NA,NA,523.773,C29H49NO5S,CSCC[C@H](NC(CC[C@H]([C@H]1CC[C@]2([C@@]3([C@H](C[C@]4([H])C[C@@H](CC[C@@]4([C@]3(CC[C@]12C)[H])C)O)O)[H])[H])C)=O)C(O)=O,bile_acid,solid,NA
,Orn-CA (A),Orn-CA,CA,Orn,3a_7a_12a,carboxylic_acid,NA,NA,522.727,C29H50N2O6,O=C(O)[C@H](CCCN)NC(CC[C@@H](C)[C@H]1CC[C@@]2([H])[C@]3([H])[C@H](O)C[C@]4([H])C[C@H](O)CC[C@]4(C)[C@@]3([H])C[C@H](O)[C@]12C)=O.O=C([C@@H](N)CCCNC(CC[C@H]([C@H]1CC[C@]2([C@@]3([C@@H](C[C@@]4(C[C@@H](CC[C@@]4([C@]3(C[C@@H]([C@]12C)O)[H])C)O)[H])O)[H])[H])C)=O)O,bile_acid,solid,NA
,Orn-CA (B),Orn-CA,CA,Orn,3a_7a_12a,carboxylic_acid,NA,NA,522.727,C29H50N2O6,O=C(O)[C@H](CCCN)NC(CC[C@@H](C)[C@H]1CC[C@@]2([H])[C@]3([H])[C@H](O)C[C@]4([H])C[C@H](O)CC[C@]4(C)[C@@]3([H])C[C@H](O)[C@]12C)=O.O=C([C@@H](N)CCCNC(CC[C@H]([C@H]1CC[C@]2([C@@]3([C@@H](C[C@@]4(C[C@@H](CC[C@@]4([C@]3(C[C@@H]([C@]12C)O)[H])C)O)[H])O)[H])[H])C)=O)O,bile_acid,solid,NA
,Phe-CA,Phe-CA,CA,Phe,3a_7a_12a,carboxylic_acid,NA,NA,555.756,C33H49NO6,O=C(O)[C@H](CC1=CC=CC=C1)NC(CC[C@@H](C)[C@H]2CC[C@@]3([H])[C@]4([H])[C@H](O)C[C@]5([H])C[C@H](O)CC[C@]5(C)[C@@]4([H])C[C@H](O)[C@]23C)=O,bile_acid,solid,NA
,Phe-CDCA,Phe-CDCA,CDCA,Phe,3a_7a,carboxylic_acid,NA,NA,539.757,C33H49NO5,O[C@@H]1CC[C@]2(C)[C@@]3([H])CC[C@]4(C)[C@@H]([C@H](C)CCC(N[C@@H](CC5=CC=CC=C5)C(O)=O)=O)CC[C@@]4([H])[C@]3([H])[C@H](O)C[C@]2([H])C1,bile_acid,solid,NA
,Phe-HDCA,Phe-HDCA,HDCA,Phe,3a_6a,carboxylic_acid,NA,NA,539.757,C33H49NO5,O[C@@H]1CC[C@]2(C)[C@@]3([H])CC[C@]4(C)[C@@H]([C@H](C)CCC(N[C@@H](CC5=CC=CC=C5)C(O)=O)=O)CC[C@@]4([H])[C@]3([H])C[C@H](O)[C@]2([H])C1,bile_acid,solid,NA
,Phe-UDCA,Phe-UDCA,UDCA,Phe,3a_7b,carboxylic_acid,NA,NA,539.757,C33H49NO5,O[C@@H]1CC[C@]2(C)[C@@]3([H])CC[C@]4(C)[C@@H]([C@H](C)CCC(N[C@@H](CC5=CC=CC=C5)C(O)=O)=O)CC[C@@]4([H])[C@]3([H])[C@@H](O)C[C@]2([H])C1,bile_acid,solid,NA
,Ser-CA,Ser-CA,CA,Ser,3a_7a_12a,carboxylic_acid,NA,NA,495.657,C27H45NO7,O=C(O)[C@H](CO)NC(CC[C@@H](C)[C@H]1CC[C@@]2([H])[C@]3([H])[C@H](O)C[C@]4([H])C[C@H](O)CC[C@]4(C)[C@@]3([H])C[C@H](O)[C@]12C)=O,bile_acid,solid,NA
,Trp-CA,Trp-CA,CA,Trp,3a_7a_12a,carboxylic_acid,NA,NA,594.793,C35H50N2O6,O=C(O)[C@H](CC1=CNC2=CC=CC=C12)NC(CC[C@@H](C)[C@H]3CC[C@@]4([H])[C@]5([H])[C@H](O)C[C@]6([H])C[C@H](O)CC[C@]6(C)[C@@]5([H])C[C@H](O)[C@]34C)=O,bile_acid,solid,NA
,Trp-CDCA,Trp-CDCA,CDCA,Trp,3a_7a,carboxylic_acid,NA,NA,578.794,C35H50N2O5,O=C(O)[C@H](CC1=CNC2=CC=CC=C12)NC(CC[C@@H](C)[C@H]3CC[C@@]4([H])[C@]5([H])[C@H](O)C[C@]6([H])C[C@H](O)CC[C@]6(C)[C@@]5([H])CC[C@]34C)=O,bile_acid,solid,NA
,Trp-DCA,Trp-DCA,DCA,Trp,3a_12a,carboxylic_acid,NA,NA,578.794,C35H50N2O5,O=C(O)[C@H](CC1=CNC2=CC=CC=C12)NC(CC[C@@H](C)[C@H]3CC[C@@]4([H])[C@]5([H])CC[C@]6([H])C[C@H](O)CC[C@]6(C)[C@@]5([H])C[C@H](O)[C@]34C)=O,bile_acid,solid,NA
,Trp-HDCA (1),Trp-HDCA,HDCA,Trp,3a_6a,carboxylic_acid,NA,NA,578.794,C35H50N2O5,O=C([C@@H](NC(CC[C@H]([C@H]1CC[C@]2([C@@]3(C[C@H](O)[C@@]4(C[C@@H](CC[C@@]4([C@]3(CC[C@]12C)[H])C)O)[H])[H])[H])C)=O)CC5=CNC6=CC=CC=C56)O,bile_acid,solid,NA
,Trp-HDCA (2),Trp-HDCA,HDCA,Trp,3a_6a,carboxylic_acid,NA,NA,578.794,C35H50N2O5,O=C([C@@H](NC(CC[C@H]([C@H]1CC[C@]2([C@@]3(C[C@H](O)[C@@]4(C[C@@H](CC[C@@]4([C@]3(CC[C@]12C)[H])C)O)[H])[H])[H])C)=O)CC5=CNC6=CC=CC=C56)O,bile_acid,solid,NA
,Trp-HDCA (3),Trp-HDCA,HDCA,Trp,3a_6a,carboxylic_acid,NA,NA,578.794,C35H50N2O5,O=C([C@@H](NC(CC[C@H]([C@H]1CC[C@]2([C@@]3(C[C@H](O)[C@@]4(C[C@@H](CC[C@@]4([C@]3(CC[C@]12C)[H])C)O)[H])[H])[H])C)=O)CC5=CNC6=CC=CC=C56)O,bile_acid,solid,NA
,Tyr-CA,Tyr-CA,CA,Tyr,3a_7a_12a,carboxylic_acid,NA,NA,571.755,C33H49NO7,O=C(O)[C@H](CC1=CC=C(C=C1)O)NC(CC[C@@H](C)[C@H]2CC[C@@]3([H])[C@]4([H])[C@H](O)C[C@]5([H])C[C@H](O)CC[C@]5(C)[C@@]4([H])C[C@H](O)[C@]23C)=O,bile_acid,solid,NA
,Tyr-CDCA,Tyr-CDCA,CDCA,Tyr,3a_7a,carboxylic_acid,NA,NA,555.756,C33H49NO6,O=C(O)[C@H](CC1=CC=C(C=C1)O)NC(CC[C@@H](C)[C@H]2CC[C@@]3([H])[C@]4([H])[C@H](O)C[C@]5([H])C[C@H](O)CC[C@]5(C)[C@@]4([H])CC[C@]23C)=O,bile_acid,solid,NA
,Tyr-DCA,Tyr-DCA,DCA,Tyr,3a_12a,carboxylic_acid,NA,NA,555.756,C33H49NO6,O=C(O)[C@H](CC1=CC=C(C=C1)O)NC(CC[C@@H](C)[C@H]2CC[C@@]3([H])[C@]4([H])CC[C@]5([H])C[C@H](O)CC[C@]5(C)[C@@]4([H])C[C@H](O)[C@]23C)=O,bile_acid,solid,NA
,Tyr-HDCA,Tyr-HDCA,HDCA,Tyr,3a_6a,carboxylic_acid,NA,NA,555.756,C33H49NO6,O=C(O)[C@H](CC1=CC=C(C=C1)O)NC(CC[C@@H](C)[C@H]2CC[C@@]3([H])[C@]4([H])C[C@H](O)[C@]5([H])C[C@H](O)CC[C@]5(C)[C@@]4([H])CC[C@]23C)=O,bile_acid,solid,NA
,Tyr-UDCA,Tyr-UDCA,UDCA,Tyr,3a_7b,carboxylic_acid,NA,NA,555.756,C33H49NO6,O=C(O)[C@H](CC1=CC=C(C=C1)O)NC(CC[C@@H](C)[C@H]2CC[C@@]3([H])[C@]4([H])[C@@H](O)C[C@]5([H])C[C@H](O)CC[C@]5(C)[C@@]4([H])CC[C@]23C)=O,bile_acid,solid,NA
,"3b,D5","3b,5Î”-C24oic(OH)(C=C)",NA,NA,3b,carboxylic_acid,5_6,NA,374.565,C24H38O3,O[C@H]1CC[C@]2(C)[C@@]3([H])CC[C@]4(C)[C@@H]([C@H](C)CCC(O)=O)CC[C@@]4([H])[C@]3([H])CC=C2C1,bile_acid,solid,NA
,3a sodium salt (LCA),LCA,LCA,NA,3a,carboxylic_acid,NA,Sodium,375.574,C24H39NaO3,O[C@@H]1CC[C@@]2([C@]3(CC[C@@]4([C@H](CC[C@]4([C@@]3(CC[C@]2([H])C1)[H])[H])[C@@H](CCC([O-])=O)C)C)[H])C,bile_acid,solid,NA
,"3a,7a (CDCA)",CDCA,CDCA,NA,3a_7a,carboxylic_acid,NA,NA,392.580,C24H40O4,O[C@@H]1CC[C@@]2([C@]3(CC[C@@]4([C@H](CC[C@]4([C@@]3([C@H](O)C[C@]2([H])C1)[H])[H])[C@@H](CCC(O)=O)C)C)[H])C,bile_acid,solid,NA
,"3a,7a sodium salt (CDCA)",CDCA,CDCA,NA,3a_7a,carboxylic_acid,NA,Sodium,391.573,C24H39NaO4,O[C@@H]1CC[C@]2(C)[C@@]3([H])CC[C@]4(C)[C@@H]([C@H](C)CCC([O-])=O)CC[C@@]4([H])[C@]3([H])[C@H](O)C[C@@]2(C1)[H],bile_acid,solid,NA
,"3a,7b sodium salt (UDCA)",UDCA,UDCA,NA,3a_7b,carboxylic_acid,NA,Sodium,391.573,C24H39NaO4,O[C@@H]1CC[C@]2(C)[C@@]3([H])CC[C@]4(C)[C@@H]([C@H](C)CCC([O-])=O)CC[C@@]4([H])[C@]3([H])[C@@H](O)C[C@@]2(C1)[H],bile_acid,solid,NA
,"3a,12a sodium salt (DCA)",DCA,DCA,NA,3a_12a,carboxylic_acid,NA,Sodium,391.573,C24H39NaO4,O[C@@H]1CC[C@]2(C)[C@@]3([H])C[C@H](O)[C@]4(C)[C@@H]([C@H](C)CCC([O-])=O)CC[C@@]4([H])[C@]3([H])CC[C@@]2(C1)[H],bile_acid,solid,NA
,"3a,12a diacetate methyl DCA","3a(MeOAc),12a(MeOAc)-C24methyl-oate(MeOAc)2",NA,NA,3a_12a,methyl_ester,NA,NA,518.735,C31H50O6,[H][C@@]12C[C@@H](CC[C@@]1([C@]3(C[C@@H]([C@@]4([C@H](CC[C@]4([C@@]3(CC2)[H])[H])[C@@H](CCC(OC)=O)C)C)COC(C)=O)[H])C)COC(C)=O,bile_acid,solid,NA
,Cholamine lithacholyl,3a-C24amine(OH),NA,NA,3a,amine,NA,NA,361.614,C24H43NO,O[C@@H]1CC[C@]2(C)[C@@]3([H])CC[C@]4(C)[C@@H]([C@H](C)CCCN)CC[C@@]4([H])[C@]3([H])CC[C@]2([H])C1,bile_acid,solid,NA
,"3k,7a","3k,7a-C24oic(OH)(O)",NA,NA,3k_7a,carboxylic_acid,NA,NA,390.564,C24H38O4,O=C1CC[C@]2(C)[C@@]3([H])CC[C@]4(C)[C@@H]([C@H](C)CCC(O)=O)CC[C@@]4([H])[C@]3([H])[C@H](O)C[C@@]([H])2C1,bile_acid,solid,NA
,"3a,7k","3a,7k-C24oic(OH)(O)",NA,NA,3a_7k,carboxylic_acid,NA,NA,390.564,C24H38O4,O[C@@H](C[C@@](C1)2[H])CC[C@]2(C)[C@@]3([H])CC[C@]4(C)[C@@H]([C@H](C)CCC(O)=O)CC[C@@]4([H])[C@]3([H])C1=O,bile_acid,solid,NA
,"3b,12a","3b,12a-C24oic(OH)2",NA,NA,3b_12a,carboxylic_acid,NA,NA,392.580,C24H40O4,O[C@H]1CC[C@]2(C)[C@@]3([H])C[C@H](O)[C@]4(C)[C@@H]([C@H](C)CCC(O)=O)CC[C@@]4([H])[C@]3([H])CC[C@@]([H])2C1,bile_acid,solid,NA
,"3a,12k","3a,12k-C24oic(OH)(O)",NA,NA,3a_12k,carboxylic_acid,NA,NA,390.564,C24H38O4,O[C@@H](C[C@@](CC[C@@]1([H])[C@]2([H])CC[C@@H]([C@]23C)[C@H](C)CCC(O)=O)4[H])CC[C@]4(C)[C@@]1([H])CC3=O,bile_acid,solid,NA
,"3k,12a","3k,12a-C24oic(OH)(O)",NA,NA,3k_12a,carboxylic_acid,NA,NA,390.564,C24H38O4,O=C1CC[C@]2(C)[C@@]3([H])C[C@H](O)[C@]4(C)[C@@H]([C@H](C)CCC(O)=O)CC[C@@]4([H])[C@]3([H])CC[C@@]([H])2C1,bile_acid,solid,NA
,Ursocholate ,UCA,UCA,NA,3a_7b_12a,carboxylic_acid,NA,NA,408.579,C24H40O5,O[C@@H]1CC[C@]2(C)[C@@]3([H])C[C@H](O)[C@]4(C)[C@@H]([C@H](C)CCC(O)=O)CC[C@@]4([H])[C@]3([H])[C@@H](O)C[C@@]([H])2C1,bile_acid,solid,NA
,"3a,7b,12a",UCA,UCA,NA,3a_7b_12a,carboxylic_acid,NA,NA,408.579,C24H40O5,O[C@@H]1CC[C@]2(C)[C@@]3([H])C[C@H](O)[C@]4(C)[C@@H]([C@H](C)CCC(O)=O)CC[C@@]4([H])[C@]3([H])[C@@H](O)C[C@@]([H])2C1,bile_acid,solid,NA
,"3a,6b OH2 cholanic acid","3a,6b-C24oic(OH)2",NA,NA,3a_6b,carboxylic_acid,NA,NA,392.580,C24H40O4,O[C@@H]1CC[C@]2(C)[C@@]3([H])CC[C@]4(C)[C@@H]([C@H](C)CCC(O)=O)CC[C@@]4([H])[C@]3([H])C[C@@H](O)[C@@]([H])2C1,bile_acid,solid,NA
,"3a,6a (HDCA)",HDCA,HDCA,NA,3a_6a,carboxylic_acid,NA,NA,392.580,C24H40O4,O[C@@H]1CC[C@]2(C)[C@@]3([H])CC[C@]4(C)[C@@H]([C@H](C)CCC(O)=O)CC[C@@]4([H])[C@]3([H])C[C@H](O)[C@@]([H])2C1,bile_acid,solid,NA
,"3a,6a sodium salt (HDCA)",HDCA,HDCA,NA,3a_6a,carboxylic_acid,NA,Sodium,391.573,C24H39NaO4,O[C@@H]1CC[C@]2(C)[C@@]3([H])CC[C@]4(C)[C@@H]([C@H](C)CCC([O-])=O)CC[C@@]4([H])[C@]3([H])C[C@H](O)[C@@]2(C1)[H],bile_acid,solid,NA
,UDC- aminoethylphosponic acid (-),"3a,7b-C24phosphonic_acid(OH)2",UDCA,Aminoethylphosphonic_acid,3a_7b,phosphonic_acid,NA,NA,499.629,C26H46NO6P,O[C@@H]1CC[C@]2(C)[C@@]3([H])CC[C@]4(C)[C@@H]([C@H](C)CCC(NCCP(O)(O)=O)=O)CC[C@@]4([H])[C@]3([H])[C@@H](O)C[C@@]([H])2C1,bile_acid,solid,NA
,"3a,7b,12k","3a,7b,12k-C24oic(OH)2(O)",NA,NA,3a_7b_12k,carboxylic_acid,NA,NA,406.563,C24H38O5,O[C@@H](C[C@@](C[C@H](O)[C@@]1([H])[C@]2([H])CC[C@@H]([C@]23C)[C@H](C)CCC(O)=O)4[H])CC[C@]4(C)[C@@]1([H])CC3=O,bile_acid,solid,NA
,"3a,7k,12k","3a,7k,12k-C24oic(OH)(O)",NA,NA,3a_7k_12k,carboxylic_acid,NA,NA,404.547,C24H36O5,O[C@@H](C[C@@](CC([C@@]1([H])[C@]2([H])CC[C@@H]([C@]23C)[C@H](C)CCC(O)=O)=O)4[H])CC[C@]4(C)[C@@]1([H])CC3=O,bile_acid,solid,NA
,"3b,7a,12a","3b,7a,12a-C24oic(OH)3",NA,NA,3b_7a_12a,carboxylic_acid,NA,NA,408.579,C24H40O5,O[C@H]1CC[C@]2(C)[C@@]3([H])C[C@H](O)[C@]4(C)[C@@H]([C@H](C)CCC(O)=O)CC[C@@]4([H])[C@]3([H])[C@H](O)C[C@@]([H])2C1,bile_acid,solid,NA
,"3a,7a,16a","3a,7a,16a-C24oic(OH)3",NA,NA,3a_7a_16a,carboxylic_acid,NA,NA,408.579,C24H40O5,O[C@@H]1CC[C@]2(C)[C@@]3([H])CC[C@]4(C)[C@@H]([C@H](C)CCC(O)=O)[C@H](O)C[C@@]4([H])[C@]3([H])[C@H](O)C[C@@]([H])2C1,bile_acid,solid,NA
,"3a,7a,12b methyl ester","3a,7a,12b-C24methyl-oate(OH)3",NA,Methyl_ester,3a_7a_12b,methyl_ester,NA,NA,422.606,C25H42O5,O[C@@H]1CC[C@]2(C)[C@@]3([H])C[C@@H](O)[C@]4(C)[C@@H]([C@H](C)CCC(OC)=O)CC[C@@]4([H])[C@]3([H])[C@H](O)C[C@@]([H])2C1,bile_acid,solid,NA
,"3a,7b,12b","3a,7b,12b-C24oic(OH)3",NA,NA,3a_7b_12b,carboxylic_acid,NA,NA,408.579,C24H40O5,O[C@@H]1CC[C@]2(C)[C@@]3([H])C[C@@H](O)[C@]4(C)[C@@H]([C@H](C)CCC(O)=O)CC[C@@]4([H])[C@]3([H])[C@@H](O)C[C@@]([H])2C1,bile_acid,solid,NA
,"3a,6a,7a ",y-MCA,y_MCA,NA,3a_6a_7a ,carboxylic_acid,NA,NA,408.579,C24H40O5,O[C@@H]1CC[C@]2(C)[C@@]3([H])CC[C@]4(C)[C@@H]([C@H](C)CCC(O)=O)CC[C@@]4([H])[C@]3([H])[C@H](O)[C@H](O)[C@@]([H])2C1,bile_acid,solid,NA
,"3a,6b,7a ",a-MCA,a_MCA,NA,3a_6b_7a ,carboxylic_acid,NA,NA,408.579,C24H40O5,O[C@@H]1CC[C@]2(C)[C@@]3([H])CC[C@]4(C)[C@@H]([C@H](C)CCC(O)=O)CC[C@@]4([H])[C@]3([H])[C@H](O)[C@@H](O)[C@@]([H])2C1,bile_acid,solid,NA
,"3a,6b,7b ",b-MCA,b_MCA,NA,3a_6b_7b ,carboxylic_acid,NA,NA,408.579,C24H40O5,O[C@@H]1CC[C@]2(C)[C@@]3([H])CC[C@]4(C)[C@@H]([C@H](C)CCC(O)=O)CC[C@@]4([H])[C@]3([H])[C@@H](O)[C@@H](O)[C@@]([H])2C1,bile_acid,solid,NA
,b-muricholic acid,b-MCA,b_MCA,NA,3a_6b_7b ,carboxylic_acid,NA,NA,408.579,C24H40O5,O[C@@H]1CC[C@]2(C)[C@@]3([H])CC[C@]4(C)[C@@H]([C@H](C)CCC(O)=O)CC[C@@]4([H])[C@]3([H])[C@@H](O)[C@@H](O)[C@@]([H])2C1,bile_acid,solid,NA
,"3b,7b,12a","3b,7b,12a-C24oic(OH)3",NA,NA,3b_7b_12a,carboxylic_acid,NA,NA,408.579,C24H40O5,O[C@H]1CC[C@]2(C)[C@@]3([H])C[C@H](O)[C@]4(C)[C@@H]([C@H](C)CCC(O)=O)CC[C@@]4([H])[C@]3([H])[C@@H](O)C[C@@]([H])2C1,bile_acid,solid,NA
,"3a,7a,12b","3a,7a,12b-C24oic(OH)3",NA,NA,3a_7a_12b,carboxylic_acid,NA,NA,408.579,C24H40O5,O[C@@H]1CC[C@]2(C)[C@@]3([H])C[C@@H](O)[C@]4(C)[C@@H]([C@H](C)CCC(O)=O)CC[C@@]4([H])[C@]3([H])[C@H](O)C[C@@]([H])2C1,bile_acid,solid,NA
,"3a,12b","3a,12b-C24oic(OH)2",NA,NA,3a_12b,carboxylic_acid,NA,NA,392.580,C24H40O4,O[C@@H]1CC[C@]2(C)[C@@]3([H])C[C@@H](O)[C@]4(C)[C@@H]([C@H](C)CCC(O)=O)CC[C@@]4([H])[C@]3([H])CC[C@@]([H])2C1,bile_acid,solid,NA
,"3a,12b (C24, 5b COOH)","3a,12b-C24oic(OH)2",NA,NA,3a_12b,carboxylic_acid,NA,NA,392.580,C24H40O4,O[C@@H]1CC[C@]2(C)[C@@]3([H])C[C@@H](O)[C@]4(C)[C@@H]([C@H](C)CCC(O)=O)CC[C@@]4([H])[C@]3([H])CC[C@@]([H])2C1,bile_acid,solid,NA
,"3b,12b","3b,12b-C24oic(OH)2",NA,NA,3b_12b,carboxylic_acid,NA,NA,392.580,C24H40O4,O[C@H]1CC[C@]2(C)[C@@]3([H])C[C@@H](O)[C@]4(C)[C@@H]([C@H](C)CCC(O)=O)CC[C@@]4([H])[C@]3([H])CC[C@@]([H])2C1,bile_acid,solid,NA
,"3b,7a","3b,7a-C24oic(OH)2",NA,NA,3b_7a,carboxylic_acid,NA,NA,392.580,C24H40O4,O[C@H]1CC[C@]2(C)[C@@]3([H])CC[C@]4(C)[C@@H]([C@H](C)CCC(O)=O)CC[C@@]4([H])[C@]3([H])[C@H](O)C[C@@]([H])2C1,bile_acid,solid,NA
,"3b,12a","3b,12a-C24oic(OH)2",NA,NA,3b_12a,carboxylic_acid,NA,NA,392.580,C24H40O4,O[C@H]1CC[C@]2(C)[C@@]3([H])C[C@H](O)[C@]4(C)[C@@H]([C@H](C)CCC(O)=O)CC[C@@]4([H])[C@]3([H])CC[C@@]([H])2C1,bile_acid,solid,NA
,"3a,23R","3a,23b-C24oic(OH)2",NA,NA,3a_23b,carboxylic_acid,NA,NA,392.580,C24H40O4,O[C@@H]1CC[C@]2(C)[C@@]3([H])CC[C@]4(C)[C@@H]([C@H](C)C[C@@H](O)C(O)=O)CC[C@@]4([H])[C@]3([H])CC[C@@]([H])2C1,bile_acid,solid,NA
,"3a,7b(22,23 -CH2-) - vial 1","3a,7b-C24oic(OH)2",NA,NA,3a_7b,carboxylic_acid,22_23,NA,420.634,C24H38O4,[H][C@@]12C[C@H](O)CC[C@]1(C)[C@@]3([H])CC[C@]4(C)[C@@H]([C@H](C)/C=C/C(O)=O)CC[C@@]4([H])[C@]3([H])[C@@H](O)C2,bile_acid,solid,NA
,"3a,7b(22,23 -CH2-) - vial 2","3a,7b-C24oic(OH)2",NA,NA,3a_7b,carboxylic_acid,22_23,NA,420.634,C24H38O4,[H][C@@]12C[C@H](O)CC[C@]1(C)[C@@]3([H])CC[C@]4(C)[C@@H]([C@H](C)/C=C/C(O)=O)CC[C@@]4([H])[C@]3([H])[C@@H](O)C2,bile_acid,solid,NA
,"3a,14a","3a,14a-C24oic(OH)2",NA,NA,3a_14a,carboxylic_acid,NA,NA,392.580,C24H40O4,O[C@@H]1CC[C@]2(C)[C@@]3([H])CC[C@]4(C)[C@@H]([C@H](C)CCC(O)=O)CC[C@@]4(O)[C@]3([H])CC[C@@]([H])2C1,bile_acid,solid,NA
,Ser-LCA,Ser-LCA,LCA,Ser,3a,carboxylic_acid,NA,NA,463.659,C27H45NO5,O[C@@H]1CC[C@]2(C)[C@@]3([H])CC[C@]4(C)[C@@H]([C@H](C)CCC(N[C@@H](CO)C(O)=O)=O)CC[C@@]4([H])[C@]3([H])CC[C@@]([H])2C1,bile_acid,solid,NA
,Gly-UDCA dimethyl,"(N,N-dimethylGly)-UDCA",UDCA,NN_Me2_Gly,3a_7b,carboxylic_acid,NA,NA,477.686,C28H47NO5,O[C@@H]1CC[C@]2(C)[C@@]3([H])CC[C@]4(C)[C@@H]([C@H](C)CCC([N+](C)(C)CC([O-])=O)=O)CC[C@@]4([H])[C@]3([H])[C@@H](O)C[C@]2([H])C1,bile_acid,solid,NA
,CDCA-cysteate,Cysteate-CDCA,CDCA,Cysteic_acid,3a_7a,carboxylic_acid,NA,NA,543.716,C27H45NO8S,O=S(C[C@H](NC(CC[C@H]([C@H]1CC[C@]2([C@@]3([C@@H](C[C@@]4(C[C@@H](CC[C@@]4([C@]3(CC[C@]12C)[H])C)O)[H])O)[H])[H])C)=O)C(O)=O)(O)=O,bile_acid,solid,NA
,D-Phe-CDCA,D-Phe-CDCA,CDCA,D_Phe,3a_7a,carboxylic_acid,NA,NA,539.757,C33H49NO5,O[C@@H]1CC[C@]2(C)[C@@]3([H])CC[C@]4(C)[C@@H]([C@H](C)CCC(N[C@H](CC5=CC=CC=C5)C(O)=O)=O)CC[C@@]4([H])[C@]3([H])[C@H](O)C[C@]2([H])C1,bile_acid,solid,NA
,"3a,7a cysteine (Cys-CDCA)",Cys-CDCA,CDCA,Cys,3a_7a,carboxylic_acid,NA,NA,495.719,C27H45NO5S,O[C@@H]1CC[C@]2(C)[C@@]3([H])CC[C@]4(C)[C@@H]([C@H](C)CCC(N[C@@H](CS)C(O)=O)=O)CC[C@@]4([H])[C@]3([H])[C@H](O)C[C@]2([H])C1,bile_acid,solid,NA
,CDCA-Serinol,Serinol-CDCA,CDCA,Serinol,3a_7a,carboxylic_acid,NA,NA,465.675,C27H47NO5,O[C@@H]1CC[C@]2(C)[C@@]3([H])CC[C@]4(C)[C@@H]([C@H](C)CCC(NC(CO)CO)=O)CC[C@@]4([H])[C@]3([H])[C@H](O)C[C@]2([H])C1,bile_acid,solid,NA
,DCA-b-Ala,(beta-Ala)-DCA,DCA,b_Ala,3a_12a,carboxylic_acid,NA,NA,463.659,C27H45NO5,O[C@@H]1CC[C@]2(C)[C@@]3([H])C[C@H](O)[C@]4(C)[C@@H]([C@H](C)CCC(NCCC(O)=O)=O)CC[C@@]4([H])[C@]3([H])CC[C@]2([H])C1,bile_acid,solid,NA
,dimethyl tau UDCA Na salt,"(N,N-dimethylTau)-UDCA",UDCA,NN_Me2_Tau,3a_7b,carboxylic_acid,NA,Sodium,527.761,C28H49NO6S,O[C@@H]1CC[C@]2(C)[C@@]3([H])CC[C@]4(C)[C@@H]([C@H](C)CCC([N+](C)(C)CCS([O-])(=O)=O)=O)CC[C@@]4([H])[C@]3([H])[C@@H](O)C[C@]2([H])C1,bile_acid,solid,NA
,L-Asp-CA,(L-Asp)-CA,CA,L_Asp,3a_7a_12a,carboxylic_acid,NA,NA,523.667,C28H45NO8,O[C@@H]1CC[C@]2(C)[C@@]3([H])C[C@H](O)[C@]4(C)[C@@H]([C@H](C)CCC(N[C@@H](CC(O)=O)C(O)=O)=O)CC[C@@]4([H])[C@@]3([H])[C@H](O)C[C@@]([H])2C1,bile_acid,solid,NA
,b-Ala-CA,(beta-Ala)-CA,CA,b_Ala,3a_7a_12a,carboxylic_acid,NA,NA,479.658,C27H45NO6,O[C@@H]1CC[C@]2(C)[C@@]3([H])C[C@H](O)[C@]4(C)[C@@H]([C@H](C)CCC(NCCC(O)=O)=O)CC[C@@]4([H])[C@@]3([H])[C@H](O)C[C@@]([H])2C1,bile_acid,solid,NA
,D-Val-CA,(D-Val)-CA,CA,D_Val,3a_7a_12a,carboxylic_acid,NA,NA,507.712,C29H49NO6,O[C@@H]1CC[C@]2(C)[C@@]3([H])C[C@H](O)[C@]4(C)[C@@H]([C@H](C)CCC(N[C@H](C(C)C)C(O)=O)=O)CC[C@@]4([H])[C@@]3([H])[C@H](O)C[C@@]([H])2C1,bile_acid,solid,NA
,Cysteate-CA-disodium salt,Cysteate-CA,CA,Cysteic_acid,3a_7a_12a,carboxylic_acid,NA,Disodium,557.700,C27H45NO9S,O[C@@H]1CC[C@]2(C)[C@@]3([H])C[C@H](O)[C@]4(C)[C@@H]([C@H](C)CCC(N[C@@H](CS(=O)([O-])=O)C([O-])=O)=O)CC[C@@]4([H])[C@@]3([H])[C@H](O)C[C@@]([H])2C1,bile_acid,solid,NA
,Tyr-CA,Tyr-CA,CA,Tyr,3a_7a_12a,carboxylic_acid,NA,NA,571.755,C33H49NO7,O[C@@H]1CC[C@]2(C)[C@@]3([H])C[C@H](O)[C@]4(C)[C@@H]([C@H](C)CCC(N[C@@H](CC5=CC=C(C=C5)O)C(O)=O)=O)CC[C@@]4([H])[C@@]3([H])[C@H](O)C[C@@]([H])2C1,bile_acid,solid,NA
,histamine-CA,histamine-CA,CA,Histamine,3a_7a_12a,carboxylic_acid,NA,NA,501.712,C29H47N3O4,O[C@@H]1CC[C@]2(C)[C@@]3([H])C[C@H](O)[C@]4(C)[C@@H]([C@H](C)CCC(NCCC5=CNC=N5)=O)CC[C@@]4([H])[C@@]3([H])[C@H](O)C[C@@]([H])2C1,bile_acid,solid,NA
,glycineglycerol_CA,glycine_glycerol-CA (?),CA,Gly_Glycerol,3a_7a_12a,carboxylic_acid,NA,NA,539.710,C29H49NO8,O[C@@H]1CC[C@]2(C)[C@@]3([H])C[C@H](O)[C@]4(C)[C@@H]([C@H](C)CCC(NCC(OCC(O)CO)=O)=O)CC[C@@]4([H])[C@@]3([H])[C@H](O)C[C@@]([H])2C1,bile_acid,solid,NA
,cholyl sarcosine Na salt,Sarcosine-CA,CA,Sarcosine,3a_7a_12a,carboxylic_acid,NA,Sodium,479.658,C27H45NO6,O[C@@H]1CC[C@@]2([C@]3(C[C@@H]([C@@]4([C@H](CC[C@]4([C@@]3([C@@H](C[C@@]2(C1)[H])O)[H])[H])[C@@H](CCC(N(CC([O-])=O)C)=O)C)C)O)[H])C,bile_acid,solid,NA
,cholylaminopropane,Aminopropane-CA,CA,Aminopropane,3a_7a_12a,carboxylic_acid,NA,NA,449.676,C27H47NO4,O[C@@H]1CC[C@]2(C)[C@@]3([H])C[C@H](O)[C@]4(C)[C@@H]([C@H](C)CCC(NCCC)=O)CC[C@@]4([H])[C@]3([H])[C@H](O)C[C@@]([H])2C1,bile_acid,solid,NA
,cholyl-N-methyl-glucamine,Meglumine-CA,CA,Meglumine,3a_7a_12a,carboxylic_acid,NA,NA,585.779,C31H55NO9,O[C@@H]1CC[C@]2(C)[C@@]3([H])C[C@H](O)[C@]4(C)[C@@H]([C@H](C)CCC(N(C)C[C@@H]([C@H]([C@@H]([C@@H](CO)O)O)O)O)=O)CC[C@@]4([H])[C@]3([H])[C@H](O)C[C@@]([H])2C1,bile_acid,solid,NA
,cholyl-glucosamide,Glucosamide-CA,CA,Glucosamine,3a_7a_12a,carboxylic_acid,NA,NA,569.736,C30H51NO9,O[C@@H]1CC[C@]2(C)[C@@]3([H])C[C@H](O)[C@]4(C)[C@@H]([C@H](C)CCC(N[C@@H](C(O)O5)[C@@H](O)[C@H](O)[C@H]5CO)=O)CC[C@@]4([H])[C@]3([H])[C@H](O)C[C@@]([H])2C1,bile_acid,solid,NA
,10mm Leu-Chol_ 50% MeOH,Leu-CA,CA,Leu,3a_7a_12a,carboxylic_acid,NA,NA,521.739,C30H51NO6,O[C@@H]1CC[C@]2(C)[C@@]3([H])C[C@H](O)[C@]4(C)[C@@H]([C@H](C)CCC(N[C@@H](CC(C)C)C(O)=O)=O)CC[C@@]4([H])[C@]3([H])[C@H](O)C[C@@]([H])2C1,bile_acid,solution,10
,Cholic Acid - Leu (1),Leu-CA,CA,Leu,3a_7a_12a,carboxylic_acid,NA,NA,521.739,C30H51NO6,O[C@@H]1CC[C@]2(C)[C@@]3([H])C[C@H](O)[C@]4(C)[C@@H]([C@H](C)CCC(N[C@@H](CC(C)C)C(O)=O)=O)CC[C@@]4([H])[C@]3([H])[C@H](O)C[C@@]([H])2C1,bile_acid,solid,NA
,Cholic Acid - Leu (2),Leu-CA,CA,Leu,3a_7a_12a,carboxylic_acid,NA,NA,521.739,C30H51NO6,O[C@@H]1CC[C@]2(C)[C@@]3([H])C[C@H](O)[C@]4(C)[C@@H]([C@H](C)CCC(N[C@@H](CC(C)C)C(O)=O)=O)CC[C@@]4([H])[C@]3([H])[C@H](O)C[C@@]([H])2C1,bile_acid,solid,NA
,Cholic Acid L-Serine (Dirty),L-Ser-CA,CA,L_Ser,3a_7a_12a,carboxylic_acid,NA,NA,495.657,C27H45NO7,O[C@@H]1CC[C@]2(C)[C@@]3([H])C[C@H](O)[C@]4(C)[C@@H]([C@H](C)CCC(N[C@@H](CO)C(O)=O)=O)CC[C@@]4([H])[C@]3([H])[C@H](O)C[C@@]([H])2C1,bile_acid,solid,NA
,Cholic Acid - Tyr (1) ,Tyr-CA,CA,Tyr,3a_7a_12a,carboxylic_acid,NA,NA,571.755,C33H49NO7,O[C@@H]1CC[C@]2(C)[C@@]3([H])C[C@H](O)[C@]4(C)[C@@H]([C@H](C)CCC(N[C@@H](CC5=CC=C(C=C5)O)C(O)=O)=O)CC[C@@]4([H])[C@]3([H])[C@H](O)C[C@@]([H])2C1,bile_acid,solid,NA
,Cholic Acid - Tyr (2),Tyr-CA,CA,Tyr,3a_7a_12a,carboxylic_acid,NA,NA,571.755,C33H49NO7,O[C@@H]1CC[C@]2(C)[C@@]3([H])C[C@H](O)[C@]4(C)[C@@H]([C@H](C)CCC(N[C@@H](CC5=CC=C(C=C5)O)C(O)=O)=O)CC[C@@]4([H])[C@]3([H])[C@H](O)C[C@@]([H])2C1,bile_acid,solid,NA
,10mm Tyr-Chol_ 50% MeOH,Tyr-CA,CA,Tyr,3a_7a_12a,carboxylic_acid,NA,NA,571.755,C33H49NO7,O[C@@H]1CC[C@]2(C)[C@@]3([H])C[C@H](O)[C@]4(C)[C@@H]([C@H](C)CCC(N[C@@H](CC5=CC=C(C=C5)O)C(O)=O)=O)CC[C@@]4([H])[C@]3([H])[C@H](O)C[C@@]([H])2C1,bile_acid,solution,10
,Cholic Acid L-Phe 18C,L-Phe-CA,CA,L_Phe,3a_7a_12a,carboxylic_acid,NA,NA,555.756,C33H49NO6,O[C@@H]1CC[C@]2(C)[C@@]3([H])C[C@H](O)[C@]4(C)[C@@H]([C@H](C)CCC(N[C@@H](CC5=CC=CC=C5)C(O)=O)=O)CC[C@@]4([H])[C@]3([H])[C@H](O)C[C@@]([H])2C1,bile_acid,solid,NA
,Cholic Acid - Phe (1),Phe-CA,CA,Phe,3a_7a_12a,carboxylic_acid,NA,NA,555.756,C33H49NO6,O[C@@H]1CC[C@]2(C)[C@@]3([H])C[C@H](O)[C@]4(C)[C@@H]([C@H](C)CCC(N[C@@H](CC5=CC=CC=C5)C(O)=O)=O)CC[C@@]4([H])[C@]3([H])[C@H](O)C[C@@]([H])2C1,bile_acid,solid,NA
,Cholic Acid - Phe (2),Phe-CA,CA,Phe,3a_7a_12a,carboxylic_acid,NA,NA,555.756,C33H49NO6,O[C@@H]1CC[C@]2(C)[C@@]3([H])C[C@H](O)[C@]4(C)[C@@H]([C@H](C)CCC(N[C@@H](CC5=CC=CC=C5)C(O)=O)=O)CC[C@@]4([H])[C@]3([H])[C@H](O)C[C@@]([H])2C1,bile_acid,solid,NA
,Cholic - Phe 1mm,Phe-CA,CA,Phe,3a_7a_12a,carboxylic_acid,NA,NA,555.756,C33H49NO6,O[C@@H]1CC[C@]2(C)[C@@]3([H])C[C@H](O)[C@]4(C)[C@@H]([C@H](C)CCC(N[C@@H](CC5=CC=CC=C5)C(O)=O)=O)CC[C@@]4([H])[C@]3([H])[C@H](O)C[C@@]([H])2C1,bile_acid,solution,1
,1mm MCA-Leu,Leu-MCA,MCA,Leu,3_6_7,carboxylic_acid,NA,NA,521.739,C30H51NO6,OC1CC[C@@]2([C@]3(CC[C@@]4([C@H](CC[C@]4([C@@]3(C(C([C@@]2(C1)[H])O)O)[H])[H])[C@@H](CCC(N[C@H](C(O)=O)CC(C)C)=O)C)C)[H])C,bile_acid,solution,1
,1mm MCA-Ile,Ile-MCA,MCA,Ile,3_6_7,carboxylic_acid,NA,NA,521.739,C30H51NO6,OC1CC[C@@]2([C@]3(CC[C@@]4([C@H](CC[C@]4([C@@]3(C(C([C@@]2(C1)[H])O)O)[H])[H])[C@@H](CCC(N[C@H](C(O)=O)[C@H](CC)C)=O)C)C)[H])C,bile_acid,solution,1
,Phe-MCA,Phe-MCA,MCA,Phe,3_6_7,carboxylic_acid,NA,NA,555.756,C33H49NO6,OC1CC[C@@]2([C@]3(CC[C@@]4([C@H](CC[C@]4([C@@]3(C(C([C@@]2(C1)[H])O)O)[H])[H])[C@@H](CCC(N[C@H](C(O)=O)CC5=CC=CC=C5)=O)C)C)[H])C,bile_acid,solid,NA