e,Barcodes,Location,Row,Column,Original name + [notes],compound_name,SMILES,mass_mg,core_common_name,mw_g_mol,salt,purity,state,formula,conjugation,substituents,core_alkene,side_chain_group
Amine,r-phquu4,FlaBA,1,3,2-amino ethyl phosphonic acid,Ciliatine ,OP(CCN)(O)=O,,NA,,NA,,,C2H8NO3P,,,,
FA,R-XGF6XJ,MUnCBA,4,10,13C Cholesterol Octanoate,Cholesteryl octanoate-1-13C,CCCCCCCC(=O)OC1CCC2(C3CCC4(C(C3CC=C2C1)CCC4C(C)CCCC(C)C)C)C,,NA,,NA,,,,,,,
Amine,R-843YN4,UnuBAC,7,6,Phenyl Alanine Methyl Ester Hydrochloride,Phe (methyl-ester) * HCl,C[C@@H](C(=O)OC)NC1=CC=CC=C1.Cl,,NA,,hydrochloride,,,,,,,
FA,R-BEEZ3E,UnuBAC,7,7,Oleyl-Glycerol-Ether (aq soln),Monoolein,CCCCCCCC/C=C\CCCCCCCC(=O)OCC(CO)O,,NA,,NA,,,,,,,
Amine,R-DHET9W,UnuBAC,7,8,Loperamide * HCl,Loperamide * HCl,CN(C)C(=O)C(CCN1CCC(CC1)(C2=CC=C(C=C2)Cl)O)(C3=CC=CC=C3)C4=CC=CC=C4.Cl,,NA,,hydrochloride,,,,,,,
Amine,R-FJ9RDH,UnuBAC,7,9,BSP-GSH,sulfobromophthalein glutathione,C1=CC(=C(C=C1C2(C3=C(C(=C(C(=C3Br)Br)Br)Br)C(=O)O2)C4=CC(=C(C=C4)O)S(=O)(=O)[O-])S(=O)(=O)[O-])O.C(CC(=O)N[C@@H](CS)C(=O)NCC(=O)O)[C@@H](C(=O)O)N.[Na+].[Na+],,NA,,NA,,,,,,,
Amine,R-STQJVW,UnuBAC,8,7,"N-Benzyl Taurine (""impure, combined"")",N-Benzyl Taurine,CCCCCCC(CS(=O)(=O)O)N(C)CC1=CC=CC=C1,,NA,,NA,,,,,,,
Other,r-3uq272,SHLFOH,1,NA,Nicotinic Acid ,Nicotinic Acid,C1=CC(=CN=C1)C(=O)O,,NA,,NA,,,,,,,
Amine,r-5p5rff,SHLFAM,1,NA,n-Amylamine,1-Pentylamine,CCCCCN,,NA,,NA,,,,,,,
Other,r-8jcva9,SHLFOH,1,NA,Nicotinic Acid (99.5%),Nicotinic Acid,C1=CC(=CN=C1)C(=O)O,,NA,,NA,,,,,,,
Other,r-37ybj4,SHLFOH,1,NA,Picolinic Acid (99%),Picolinic Acid,C1=CC=NC(=C1)C(=O)O,,NA,,NA,,,,,,,
Other,r-s9e4pc,SHLFOH,1,NA,Succinic Acid (99.7%),Succinic Acid,C(CC(=O)O)C(=O)O,,NA,,NA,,,,,,,
Other,r-75kg5z,SHLFAM,1,NA,4-aminophenol,4-aminophenol,C1=CC(=CC=C1N)O,,NA,,NA,,,,,,,
Amine,r-f25k4f,SHLFOH,1,NA,O-Acetyl-carnitine chloride,O-Acetyl-carnitine chloride,,,NA,,NA,,,,,,,
Amine,R-GDN6AU,SHLFAM,1,NA,Tryptamine hydrochloride,Tryptamine hydrochloride,C1=CC=C2C(=C1)C(=CN2)CCN.Cl,,NA,,hydrochloride,,,,,,,
Other,R-JSXREP,SHLFAM,1,NA,Triethylamine N-oxide,Triethylamine N-oxide,CC[N+](CC)(CC)[O-],,NA,,NA,,,,,,,
Amine,R-P7Z7TZ,SHLFOH,1,NA,3-hydroxyanthranilic acid (97%),3-hydroxyanthranilic acid,C1=CC(=C(C(=C1)O)N)C(=O)O,,NA,,NA,,,,,,,
Amine,R-QA6B35,SHLFOH,1,NA,DL-Carnitine hydrochloride,DL-Carnitine hydrochloride,C[N+](C)(C)CC(CC(=O)O)O.[Cl-],,NA,,NA,,,,,,,
Polyamine,R-22WMBP,GSFB1,1,1,dXX,[tripeptide],,,NA,,NA,,,NA,,,,
Polyamine,R-58BP6T,GSFB1,1,2,eXX,[tripeptide],,,NA,,NA,,,NA,,,,
Polyamine,R-AM9FA9,GSFB1,1,3,hXX,[tripeptide],,,NA,,NA,,,NA,,,,
Polyamine,R-BZQNKU,GSFB2,1,1,XX,[tripeptide],,,NA,,NA,,,NA,,,,
Polyamine,R-DN6UDK,GSFB2,1,2,KXX,[tripeptide],,,NA,,NA,,,NA,,,,
Polyamine,R-G5SDT3,GSFB2,1,3,LXX,[tripeptide],,,NA,,NA,,,NA,,,,
Polyamine,R-JNV9VA,GSFB2,1,4,MXX,[tripeptide],,,NA,,NA,,,NA,,,,
Polyamine,R-MSV786,GSFB2,1,5,NXX,[tripeptide],,,NA,,NA,,,NA,,,,
Polyamine,R-P2N8V5,GSFB2,2,1,PXX,[tripeptide],,,NA,,NA,,,NA,,,,
Polyamine,R-PJEQ4U,GSFB2,2,2,QXX,[tripeptide],,,NA,,NA,,,NA,,,,
Polyamine,R-Q6SPR4,GSFB2,2,3,SXX,[tripeptide],,,NA,,NA,,,NA,,,,
Polyamine,R-RVDWHC,GSFB3,1,1,aXX,[tripeptide],,,NA,,NA,,,NA,,,,
Polyamine,R-SMWNF6,GSFB3,1,2,cXX,[tripeptide],,,NA,,NA,,,NA,,,,
Polyamine,R-SZUFAU,GSFB3,1,3,RXX,[tripeptide],,,NA,,NA,,,NA,,,,
Polyamine,R-UDEXDH,GSFB3,1,4,TXX,[tripeptide],,,NA,,NA,,,NA,,,,
Polyamine,R-WQXC2G,GSFB3,1,5,VXX,[tripeptide],,,NA,,NA,,,NA,,,,
Polyamine,R-XBWE3Q,GSFB3,2,1,WXX,[tripeptide],,,NA,,NA,,,NA,,,,
Polyamine,R-XRDJJ9,GSFB3,2,2,YXX,[tripeptide],,,NA,,NA,,,NA,,,,
Amine_Decarboxy,B02806455,GSFB4,1,1,-,4-aminobutanamide hydrochloride,C(CC(=O)N)CN.Cl,138.6,Decarboxy_Gln,138.6,hydrochloride,95,solid,C4H11ON2Cl,,,,
Amine_Decarboxy,B02768407,GSFB4,1,2,Cadaverine,Cadaverine,C(CCN)CCN,102.18,Decarboxy_Lys,102.18,NA,N/A,solid,C5H14N2,,,,
Amine_Decarboxy,B02768408,GSFB4,1,3,Pyrrolidine,Pyrrolidine,N1CCCC1,71.12,Decarboxy_Pro,71.12,NA,N/A,solid,C4H9N,,,,
Amine_Decarboxy,B02768409,GSFB4,1,4,(2-Methylbutyl)amine,2-Methylbutylamine,CCC(C)CN,87.16,Decarboxy_Ile,87.16,NA,N/A,solid,C5H13N,,,,
Amine_Decarboxy,B02768410,GSFB4,1,5,beta-Alanine,beta-Alanine,C(CN)C(=O)O,89.09,Decarboxy_Asp,89.09,NA,N/A,solid,C3H7O2N,,,,
Amine_Decarboxy,B02768411,GSFB4,1,6,Phenethylamine,2-phenethylamine,C1=CC=C(C=C1)CCN,121.18,Decarboxy_Phe,121.18,NA,N/A,solid,C8H11N,,,,
Amine_Decarboxy,B02768412,GSFB4,2,2,Isopentylamine,Leucamine,CC(C)CCN,87.16,Decarboxy_Leu,87.16,NA,N/A,solid,C5H13N,,,,
Amine_Decarboxy,B02768413,GSFB4,2,3,gamma-Aminobutyric acid,GABA,C(CC(=O)O)CN,103.12,Decarboxy_Glu,103.12,NA,N/A,solid,C4H9O2N,,,,
Amine_Decarboxy,B02768414,GSFB4,2,4,"1,4-Diaminobutane",Putrescine,C(CCN)CN,88.15,Decarboxy_Orn,88.15,NA,N/A,solid,C4H12N2,,,,
Amine_Decarboxy,B02768415,GSFB4,2,5,Histamine,Histamine,C1=C(NC=N1)CCN,111.15,Decarboxy_His,111.15,NA,N/A,solid,C5H9N3,,,,
Amine_Decarboxy,B02768416,GSFB4,2,6,2-(3H-indol-3-yl)ethanamine,Tryptamine,C1=CC=C2C(=C1)C(=CN2)CCN,160.22,Decarboxy_Trp,160.22,NA,N/A,solid,C10H12N2,,,,
Amine_Decarboxy,B02768417,GSFB4,3,2,Tyramine,Tyramine,C1=CC(=CC=C1CCN)O,137.18,Decarboxy_Tyr,137.18,NA,N/A,solid,C8H11ON,,,,
Amine_Decarboxy,B02768418,GSFB4,3,3,Cysteamine,Cysteamine,SCCN,77.15,Decarboxy_Cys,77.15,NA,N/A,solid,C2H7NS,,,,
Amine_Decarboxy,B02768421,GSFB4,3,4,3-(2-aminoethyl)-3H-indol-5-ol,Serotonin,C1=CC2=C(C=C1O)C(=CN2)CCN,176.22,Decarboxy_5HTP,176.22,NA,98,solid,C10H12ON2,,,,
Amine_Decarboxy,B02768422,GSFB4,3,5,Ethanolamine,Ethanolamine,C(CO)N,61.08,Decarboxy_Ser,61.08,NA,N/A,solid,C2H7ON,,,,
Amine_Decarboxy,B02768423,GSFB4,3,6,3-(Methylthio)propylamine,3-(Methylthio)propylamine,S(CCCN)C,105.2,Decarboxy_Met,105.2,NA,90,solid,C4H11NS,,,,
Amine_Decarboxy,B02768424,GSFB4,4,2,1-Amino-2-propanol,Threamine,NCC(O)C,75.11,Decarboxyl_Thr,75.11,NA,N/A,solid,C3H9ON,,,,
Amine_Decarboxy,B02768425,GSFB4,4,3,Isobutylamine,Valamine,NCC(C)C,73.14,Decarboxy_Val,73.14,NA,90,solid,C4H11N,,,,
Amine_Decarboxy,B02768428,GSFB4,4,4,3-Aminopropanamide,3-Aminopropanamide,NCCC(=O)N,88.11,Decarboxy_Asn,88.11,NA,95,solid,C3H8ON2,,,,
Amine_Decarboxy,B02768429,GSFB4,4,5,"4-(2-Aminoethyl)benzene-1,2-diol",Dopamine,C1=CC(=C(C=C1CCN)O)O,153.18,Decarboxy_L_DOPA,153.18,NA,96,solid,C8H11O2N,,,,
Amine_Decarboxy,B02806399,GSFB4,4,6,1-(4-aminobutyl)guanidine,Agmatine,C(CCN=C(N)N)CN,130.19,Decarboxy_Arg,130.19,NA,95,solid,C5H14N4,,,,
Amine,B02813668,GSFB5,2,1,N-Methyl-phenethylamine,(N-methyl)-phenethylamine,N(CCc1ccccc1)C,51.8,,135.21,NA,NA,solid,C9H13N,,,,
Amine,B02813669,GSFB5,2,2,N-Methylpyrrolidine,(N-methyl)-pyrrolidine,N1(CCCC1)C,50.2,,85.15,NA,NA,solid,C5H11N,,,,
Amine,B02813670,GSFB5,2,3,3-(METHYLAMINO)PROPIONIC ACID,3-(methylamino)propanoic acid,N(CCC(=O)O)C,51.9,,103.12,NA,NA,solid,C4H9O2N,,,,
Amine,B02813673,GSFB5,2,4,N-METHYLISOBUTYLAMINE,"N,2-dimethylpropylamine",N(CC(C)C)C,52.3,,87.16,NA,NA,solid,C5H13N,,,,
Amine,B02813674,GSFB5,2,5,4-[2-(methylamino)ethyl]phenol,N-Methyltyramine,N(CCc1ccc(cc1)O)C,50.8,,151.21,NA,NA,solid,C9H13ON,,,,
Amine,B02813675,GSFB5,2,6,1-(methylamino)-2-propanol,1-(Methylamino)propan-2-ol,N(CC(O)C)C,52,,89.14,NA,NA,solid,C4H11ON,,,,
Amine,B02806280,GSFB5,2,7,4-(methylamino)butanamide,4-(methylamino)butanamide,N(CCCC(=O)N)C,50,,116.16,NA,95,solid,C5H12ON2,,,,
Amine,B02800291,GSFB5,2,8,"n1-Methylpentane-1,5-diamine",N-methylcadaverine,N(CCCCCN)C,46,,116.21,NA,95,solid,C6H16N2,,,,
Amine,B02800292,GSFB5,2,9,4-(methylamino)butanoic acid,4-(Methylamino)butanoic acid,N(CCCC(=O)O)C,50.1,,117.15,NA,98,solid,C5H11O2N,,,,
Amine,B02768435,GSFB5,2,10,"N,2-dimethylbutan-1-amine",methyl(2-methylbutyl)amine,N(CC(CC)C)C,50.5,,101.19,NA,96,solid,C6H15N,,,,
Amine,B02806274,GSFB5,3,1,(4-aminobutyl)(methyl)amine,N-Methylputrescine,N(CCCCN)C,50.6,,102.18,NA,95,solid,C5H14N2,,,,
Amine,B02806275,GSFB5,3,2,2-(methylamino)ethan-1-ol,2-(methylamino)ethan-1-ol,N(CCO)C,50.5,,75.11,NA,95,solid,C3H9ON,,,,
Amine,B02806276,GSFB5,3,3,3-(methylamino)propanamide,3-(methylamino)propanamide,N(CCC(=O)N)C,51.1,,102.14,NA,95,solid,C4H10O1N2,,,,
Amine,B02806277,GSFB5,3,4,methyl[3-(methylsulfanyl)propyl]amine,methyl[3-(methylsulfanyl)propyl]amine,S(CCCNC)C,51.4,,119.23,NA,95,solid,C5H13NS,,,,
Amine,B02806278,GSFB5,3,5,methyl(3-methylbutyl)amine hydrochloride,methyl(3-methylbutyl)amine hydrochloride,Cl.N(CCC(C)C)C,50.4,,137.65,hydrochloride,95,solid,C6H16NCl,,,,
Amine,B02806279,GSFB5,3,6,[2-(1H-imidazol-4-yl)ethyl](methyl)amine dihydrochloride,Nalpha-Methylhistamine dihydrochloride,Cl.Cl.[nH]1cnc(c1)CCNC,50.2,,198.09,dihydrochloride,95,solid,C6H13N3Cl2,,,,
Amine,B02806416,GSFB5,4,1,"4-[2-(methylamino)ethyl]benzene-1,2-diol hydrochloride",N-Methyldopamine hydrochloride,Cl.N(CCc1cc(c(cc1)O)O)C,51.2,,203.67,hydrochloride,80,solid,C9H14O2NCl,,,,
Amine,B02806415,GSFB5,4,2,2-(methylamino)ethane-1-thiol hydrochloride,2-(methylamino)ethane-1-thiol hydrochloride,SCCNC.Cl,51,,127.64,hydrochloride,95,solid,C3H10NClS,,,,
Amine,B02813665,LDFB1,1,1,1-METHYLPYRROLIDINE-2-CARBOXYLIC ACID,N-Me-Pro-OH,N1(C(CCC1)C(=O)O)C,50.1,Pro,129.16,NA,NA,solid,C6H11O2N,,,,
Amine,B02813666,LDFB1,1,2,Sarcosine [N-methylglycine],Sarcosine,N(CC(=O)O)C,52.5,Gly,89.09,NA,NA,solid,C3H7O2N,,,,
Amine,B02813667,LDFB1,1,3,(2S)-3-(1H-imidazol-4-yl)-2-(methylamino)propanoic acid hydrochloride,N-Me-L-His-OH HCl,Cl.[nH]1cnc(c1)C[C@H](NC)C(=O)O,51.6,L_His,205.64,NA,NA,solid,C7H12O2N3Cl,,,,
Amine,B02768419,LDFB1,1,4,N-methylvaline,N-Me-Val-OH,N(C(C(C)C)C(=O)O)C,50.9,Val,131.17,NA,99,solid,C6H13O2N,,,,
Amine,B02768420,LDFB1,1,5,(2S)-6-amino-2-(methylamino)hexanoic acid hydrochloride,N-Me-L-Lys-OH HCl,Cl.N([C@@H](CCCCN)C(=O)O)C,52.4,L_Lys,196.68,NA,95,solid,C7H17O2N2Cl,,,,
Amine,B02800288,LDFB1,2,1,N-methylaspartic acid,N-Me-Asp-OH,N(C(CC(=O)O)C(=O)O)C,50.8,Asp,147.13,NA,98,solid,C5H9O4N,,,,
Amine,B02800289,LDFB1,2,2,N-methylleucine,N-Me-Leu-OH,N(C(CC(C)C)C(=O)O)C,50.4,Leu,145.2,NA,98,solid,C7H15O2N,,,,
Amine,B02768430,LDFB1,2,4,3-(1H-indol-3-yl)-2-(methylamino)propanoic acid,N-Me-Trp-OH ,[nH]1c2c(c(c1)CC(NC)C(=O)O)cccc2,50.7,Trp,218.26,NA,96,solid,C12H14O2N2,,,,
Amine,B02806418,LDFB1,2,5,3-(4-hydroxyphenyl)-2-(methylamino)propanoic acid,N-Me-L-Tyr-OH,N(C(Cc1ccc(cc1)O)C(=O)O)C,50.1,L_Tyr,231.68,NA,95,solid,C10H13O3N,,,,
Amine,B02806264,LDFB1,3,1,(2S)-5-{[amino(imino)methyl]amino}-2-(methylamino)pentanoic acid hydrochloride,N-Me-L-Arg-OH HCl,Cl.N([C@@H](CCCNC(=N)N)C(=O)O)C,50,L_Arg,224.69,hydrochloride,95,solid,C7H17O2N4Cl,,,,
Amine,B02806272,LDFB1,3,2,3-methyl-2-(methylamino)pentanoic acid hydrochloride,N-Me-Ile-OH HCl,Cl.N(C(C(CC)C)C(=O)O)C,50.3,Ile,181.66,hydrochloride,95,solid,C7H16O2NCl,,,,
Amine,B02806273,LDFB1,3,3,2-(methylamino)-3-phenylpropanoic acid,N-Me-Phe-OH,N(C(Cc1ccccc1)C(=O)O)C,51.4,Phe,179.22,NA,95,solid,C10H13O2N,,,,
Amine,B02806423,LDFB1,3,4,N-methylglutamic acid,N-Me-Glu-OH,N(C(CCC(=O)O)C(=O)O)C,50,Glu,161.16,NA,98,solid,C6H11O4N,,,,
Amine,R-ZX9PUH,LDFCB,1,NA,Fluoroscein Cadaverine,,S=C(NC1=CC=C(C2=C1)C3(C4=C(OC5=C3C=CC(O)=C5)C=C(O)C=C4)OC2=O)NCCCCCN,,NA,,NA,,,,,,,
Amine,R-4YGW8B,LDFCB,1,NA,Lucifer Yellow Cadaverine,,O=C1C2=CC(S(=O)(O)=O)=CC3=C(C(S(=O)(O)=O)=CC(C(N1CCCCCN)=O)=C23)N,,NA,,NA,,,,,,,
FA,?,RDFTS,NA,NA,9-Decenoic acid (C10:1 delta9),,C=CCCCCCCCC(=O)O,,,,,,,,,,,
Amine,R-UP3T49,SHLFAM,1,NA,g-aminobutyric acid dihydrochloride,GABA,,,,,,,,,,,,
Amine,R-WVEDUE,SHLFAM,1,NA,Tryptamine,,,,,,,,,,,,,
Amine,R-XE4R5C,SHLFAM,1,NA,Diethanolamine,,,,,,,,,,,,,
Amine,R-YJ7GD7,SHLFAM,1,NA,Spermine,,,,,,,,,,,,,
Amine,R-ZZ7QXZ,SHLFAM,1,NA,b-Alanine 99%,b-Alanine,,,,,,,,,,,,
Amine,R-5DNMQQ,SHLFAM,1,NA,"1,3-Diaminopropane",,,,,,,,,,,,,
,R-SDSXRB,SHLFAM,1,NA,"Spermine, 97%",Spermine,,,,,,,,,,,,
Other,R-KEVYWW,SHLFOH,1,NA,L-Pyroglutamic Acid (99.0%),L-Pyroglutamic Acid,,,NA,,,,,,,,,
Other,R-KKKX9Z,SHLFOH,1,NA,Sodium Pyruvate (97.0%),Sodium Pyruvate,,,NA,,,,,,,,,
Other,R-KYVNMM,SHLFAM,1,NA,N-Acetyl-L-tryptophan,N-Acetyl-L-tryptophan,,,NA,,,,,,,,,
Other,R-N3ZCVV,SHLFAM,1,NA,O-Methyl-L-tyrosine (98%),O-Methyl-L-tyrosine,,,NA,,,,,,,,,
,R-N449KV,SHLFAM,1,NA,L-Histidine (99%),L-Histidine,,,NA,,,,,,,,,
,R-NF2S5A,SHLFAM,1,NA,DL-Histidine monohydrochloride monohydrate (99%),DL-Histidine monohydrochloride monohydrate,,,NA,,,,,,,,,
,R-P56BR2,SHLFAM,1,NA,Phenylacetyl-L-glutamine (95%),Phenylacetyl-L-glutamine,,,NA,,,,,,,,,
,R-PHWGTU,SHLFOH,1,NA,H-Tyr(PO3)-OH,H-Tyr(PO3)-OH,,,NA,,,,,,,,,
,R-PQVQP5,SHLFAM,1,NA,L-Camosine (99%),L-Camosine,,,NA,,,,,,,,,
,R-PR6V49,SHLFAM,1,NA,3-Chloro-L-tyrosine (97%),3-Chloro-L-tyrosine,,,NA,,,,,,,,,
,R-PRYNYA,SHLFBA,1,NA,L-Homoserine (98%),L-Homoserine,,,NA,,,,,,,,,
,R-Q2NDUE,SYNTHFR,1,NA,Valeryl Chloride (98%),Valeryl Chloride,,,NA,,,,,,,,,
,R-Q8AT9J,SYNTHFR,1,NA,Heptanoyl Chloride (98%),Heptanoyl Chloride,,,NA,,,,,,,,,
Amine,R-QEVNDE,SHLFAM,1,NA,L-Citrulline (98%),L-Citrulline,,,NA,,,,,,,,,
Amine,R-QMY9J4,SHLFAM,1,NA,D-(+)-Glucosamine Hydrochloride (98%),D-(+)-Glucosamine Hydrochloride,,,NA,,,,,,,,,
,R-QTGZ8S,SHLFAM,1,NA,"1,3-Diaminopropane Dihydrochloride (97%)","1,3-Diaminopropane Dihydrochloride",,,NA,,,,,,,,,
,R-QSV63S,SHLFAM,1,NA,Allantoin (98%),Allantoin,,,NA,,,,,,,,,
,R-QVTJZ3,SHLFAM,1,NA,DL-2-Phenylglycine (98%),DL-2-Phenylglycine,,,NA,,,,,,,,,
,R-R976A6,SHLFAM,1,NA,Cinnamoylglycine,Cinnamoylglycine,,,NA,,,,,,,,,
,R-RFNQWF,MISSING,1,NA,3-Methyl-L-Histidine,3-Methyl-L-Histidine,,,NA,,,,,,,,,
,R-RKZCK3,SHLFAM,1,NA,Spermidine,Spermidine,,,NA,,,,,,,,,
,R-RR5PZV,SHLFAM,1,NA,Thymine (99%),Thymine,,,NA,,,,,,,,,
Carboxylic Acid,R-S5WYP5,SHLFAM,1,NA,5-Aminovaleric Acid (97%),5-Aminovaleric Acid,,,NA,,,,,,,,,
,R-SBF79M,SHLFAM,1,NA,Putrescine dihydrochloride,Putrescine dihydrochloride,,,NA,,,,,,,,,
,R-SM3U2N,SHLFAM,1,NA,Cadaverine,Cadaverine,,,NA,,,,,,,,,
,R-SWREPD,SHLFAM,1,NA,Putrescine dihydrochloride,Putrescine dihydrochloride,,,NA,,,,,,,,,
,R-SX5NWF,SHLFAM,1,NA,3-(Methylthio)propylamine (97%),3-(Methylthio)propylamine,,,NA,,,,,,,,,
,R-T2H6H5,SHLFAM,1,NA,Isoamylamine (99%),Isoamylamine,,,NA,,,,,,,,,
,R-YVA4HU,SHLFAM,1,,Norepinephrine,Norepinephrine,,,,,,,,,,,,
,R-YNMEEJ,SYNTHFR,1,,"L-aspartyl-L-phenylalanine methyl ester, 98%",Aspartame ,,,,,,,,,,,,
,R-YZZV5U,SHLFOH,1,,"Nonanoyl Chloride, 96%",Nonanoyl Chloride,,,,,,,,,,,,
,R-YP4RHX,SYNTHFR,1,,Linolenic Acid (99%),Linolenic Acid ,,,,,,,,,,,,
,R-UDVYRC,SHLFAM,1,,Agmatine Sulfate Salt,Agmatine,,,,,,,,,,,,
,R-PHRTUV,SHLFAM,1,,"L(+)-Ornithine hydrochloride, 99%",L(+)-Ornithine,,,,,,,,,,,,
Carboxylic Acid,R-BCQVD7,SHLFAM,1,,gamma-Aminobutyric acid >99%,gamma-Aminobutyric acid,,,,,,,,,,,,
,R-BEGNJK,SIEGFR,NA,,Palmitoyl Chloride 98%,Palmitoyl Chloride,,,,,,,,,,,,
,R-C5YQAP,SHLFAM,1,,3-methyl-L-histidine,3-methyl-L-histidine,,,,,,,,,,,,
,R-C7WEDD,SIEGFR,NA,,Decanoyl chloride,Decanoyl Chloride,,,,,,,,,,,,
,R-CFY22V,SIEGFR,NA,,Octanoyl Chloride,Octanoyl Chloride,,,,,,,,,,,,
,R-CDW4CX,SYNTHFR,1,,Myristoyl Chloride,Myristoyl Chloride,,,,,,,,,,,,
,R-D7PCT6,SYNTHFR,1,,"Acetyl Chloride, 99%+",Acetyl Chloride,,,,,,,,,,,,
,R-DMX228,SIEGFR,1,,Butyryl chloride 98%,Butyryl chloride,,,,,,,,,,,,
,R-DS8D23,SIEGFR,1,,Hexanoyl Chloride,Hexanoyl Chloride,,,,,,,,,,,,
,R-SJSM2G,SHLFAM,1,,O-Acetyl-L-Serine Hydrochloride,O-Acetyl-L-Serine Hydrochloride,,,,,,,,,,,,
,R-Z8ATWX,SHLFAM,1,,"Phenazine Methosulfate, 99%",Phenazine Methosulfate,,,,,,,,,,,,
,R-36V7TZ,SHLFAM,1,,"1,3-Bis(tert-butoxycarbonyl)-2-methyl-2-thiopseudourea 98%","1,3-Bis(tert-butoxycarbonyl)-2-methyl-2-thiopseudourea 98%",,,,,,,,,,,,
,R-B4U54J,SHLFAM,1,,Met-Arg-Phe-Ala,MRFA Tetrapeptide,,,,,,,,,,,,
,R-V74B5B,SHLFAM,1,,Spermine >97%,Spermine,,,,,,,,,,,,
,R-68NR6H,SHLFAM,1,,Phytosphingosine hydrochloride,Phytosphingosine hydrochloride,,,,,,,,,,,,
,R-2884KR,SHLFAM,1,,L-Glutathione (oxidized form),L-Glutathione,,,,,,,,,,,,
,R-ZF4YRS,SHLFAM,1,,L-Homoserine,L-Homoserine,,,,,,,,,,,,
,R-8BMB7H,SHLFAM,1,,L-Proline,L-Proline,,,,,,,,,,,,
,R-9FUSRW,SHLFAM,1,,Ampicillin Sodium Salt,Ampicillin Sodium Salt,,,,,,,,,,,,
,R-YR89NC,SHLFAM,1,,"D-Lysine, minimum 98%",D-Lysine,,,,,,,,,,,,
,R-VUN5SU,SHLFAM,1,,"3-Nitro-L-tyrosine, 98%",3-Nitro-L-tyrosine,,,,,,,,,,,,
,R-WHE8HG,SHLFAM,1,,"D-Arginine, minimum 98%",D-Arginine,,,,,,,,,,,,
,R-4GJQX2,SHLFAM,1,,L-Ornithine monohydrochloride,L-Ornithine monohydrochloride,,,,,,,,,,,,
,R-XVK8JW,SHLFAM,1,,2-Heptyl-3-hydroxy-4(1H)-quinolone,2-Heptyl-3-hydroxy-4(1H)-quinolone,,,,,,,,,,,,
,R-Y7QXCT,SHLFAM,1,,Taurine,Taurine,,,,,,,,,,,,
Carboxylic Acid,R-2FE8MB,SHLFAM,1,,L-2-Aminoadipic Acid,L-2-Aminoadipic Acid,,,,,,,,,,,,
,R-YQGDDX,SHLFAM,1,,"D-Isoleucine, minimum 98%",D-Isoleucine,,,,,,,,,,,,
,R-3NWEFF,SHLFAM,1,,"D(+)-Biotin, 98%",D(+)-Biotin,,,,,,,,,,,,
,R-RCMKGR,SHLFAM,1,,L-Histidine,L-Histidine,,,,,,,,,,,,
,R-VUNGSH,SHLFAM,1,,L-Valine,L-Valine,,,,,,,,,,,,
,R-TSC8DC,SHLFAM,1,,"Spermine, >97%",Spermine,,,,,,,,,,,,
,R-WA6CP9,SHLFAM,1,,2-Heptyl-3-hydroxy-4(1H)-quinolone,2-Heptyl-3-hydroxy-4(1H)-quinolone,,,,,,,,,,,,
,R-DT3YKC,SHLFAM,1,,Spermine,Spermine,,,,,,,,,,,,
,R-SVT588,SHLFAM,1,,"D-Alanine, Minimum 98%",D-Alanine,,,,,,,,,,,,
,R-ZDYD2K,SHLFAM,1,,DL-Epinephrine,DL-Epinephrine,,,,,,,,,,,,
,R-4NKUZC,SHLFAM,1,,L-Methionine >98%,L-Methionine,,,,,,,,,,,,
,R-YNFCCU,SHLFAM,1,,Spermidine trihydrochloride >98%,Spermidine trihydrochloride,,,,,,,,,,,,
,R-Y3SY3H,SHLFAM,1,,Spermidine trihydrochloride,Spermidine trihydrochloride,,,,,,,,,,,,
,R-R3YCZE,SHLFAM,1,,L-Threonine,L-Threonine,,,,,,,,,,,,
,R-T5ZXKW,SHLFAM,1,,L-Serine,L-Serine,,,,,,,,,,,,
,R-R4H9JW,SHLFAM,1,,O-Succinyl-L-homoserine,O-Succinyl-L-homoserine,,,,,,,,,,,,
,R-QEK2HF,SHLFAM,1,,L-Homoserine,L-Homoserine,,,,,,,,,,,,
,R-ZY3VD9,SHLFAM,1,,"Benzamidine hydrochloride hydrate, minimum 98%",Benzamidine hydrochloride hydrate,,,,,,,,,,,,
,R-Z4YTZJ,SHLFAM,1,,L-Homoserine,L-Homoserine,,,,,,,,,,,,
,R-ZBFAKZ,SHLFAM,1,,L-Asparagine,L-Asparagine,,,,,,,,,,,,
,R-TEBSKX,SHLFAM,1,,L-Lysine,L-Lysine,,,,,,,,,,,,
,R-XYA62J,SHLFAM,1,,Ampicillin Sodium Salt,Ampicillin Sodium Salt,,,,,,,,,,,,
,R-VKGYF9,SHLFAM,1,,Coumermycin A1,Coumermycin A1,,,,,,,,,,,,
,R-ZK2KBE,SHLFAM,1,,"Streptomycin Sulfate, USP Grade",Streptomycin Sulfate,,,,,,,,,,,,
,R-WZXZNQ,SHLFAM,1,,Tobramycin,Tobramycin,,,,,,,,,,,,
,R-XTTKQ3,SHLFAM,1,,Creatinine Anhydrous,Creatinine Anhydrous,,,,,,,,,,,,
,R-Q873BF,SHLFAM,2,,Gentamycin Sulfate,Gentamycin Sulfate,,,,,,,,,,,,
,R-USQHBD,SHLFAM,2,,Gentamycin Sulfate,Gentamycin Sulfate,,,,,,,,,,,,
,R-SM8C8N,SHLFAM,2,,Spectinomycin Sulfate,Spectinomycin Sulfate,,,,,,,,,,,,
,R-YS2EJ8,SHLFAM,2,,DL-Luecine,DL-Luecine,,,,,,,,,,,,
,R-BHR94Z,SHLFAM,2,,Amphotericin B from Streptomyces,Amphotericin B from Streptomyces,,,,,,,,,,,,
,R-4A3RRE,SHLFAM,2,,"L-(+)-Cysteine Hydrochloride Monohydrate, Reagent Grade",L-(+)-Cysteine Hydrochloride Monohydrate,,,,,,,,,,,,
,R-SW24A7,SHLFAM,2,,"L-Lysine, 98%",L-Lysine,,,,,,,,,,,,
,R-WBWQWX,SHLFAM,2,,Carbencillin Disodium Salt,Carbencillin Disodium Salt,,,,,,,,,,,,
Carboxylic Acid,R-4KHE3F,SHLFAM,2,,"L-Aspartic Acid, >99% (TLC)",L-Aspartic Acid,,,,,,,,,,,,
,R-7NRVXT,SHLFAM,2,,Putrescine dihydrochloride,Putrescine dihydrochloride,,,,,,,,,,,,
,R-VEYBUK,SHLFAM,2,,"PhIP, Carcinogenic heterocyclic amine",PhIP,,,,,,,,,,,,
,R-PZKAET,SHLFAM,2,,"S-(5'-Adenosyl)-L-methionine chloride dihydrochloride, ≥80%, from yeast",S-(5'-Adenosyl)-L-methionine chloride dihydrochloride,,,,,,,,,,,,
,R-SXTMXT,SHLFAM,2,,H-Gly-OtBu•HCl,Glycerine ter-butyl ester hydrochloride salt,,,,,,,,,,,,
,R-AHC3S4,SHLFAM,2,,"Apramcycin sulfate salt, ~95% (TLC)",Apramcycin sulfate salt,,,,,,,,,,,,
,R-72RRG9,SHLFAM,2,,"Apramycin sulfate salt, ~95% (TLC)",Apramcycin sulfate salt,,,,,,,,,,,,
,R-YSZUXJ,SHLFAM,2,,"D-Histine, minimum 98% TLC",D-Histine,,,,,,,,,,,,
,R-T2D3KJ,SHLFAM,2,,marinopyrrole B 2.8mg/mL in DMSO,marinopyrrole B,,,,,,,,,,,,
,R-WGD56X,SHLFAM,2,,"D-Leucine, 99%",D-Luecine,,,,,,,,,,,,
,R-XEPXB2,SHLFAM,2,,"3-(3,4-Dihydroxyphenyl)-L-alanine",L-DOPA,,,,,,,,,,,,
,R-VSR85A,SHLFAM,2,,"L-Tyrosine, Reagent Grade, ≥98%",L-Tyrosine,,,,,,,,,,,,
,R-XW2HW6,SHLFAM,2,,Isoniazid,Isoniazid,,,,,,,,,,,,
,R-TYJWV4,SHLFAM,2,,"L-Glutathione reduced, minimum 99%",L-Glutathione reduced,,,,,,,,,,,,
,R-9XQRNQ,SHLFAM,2,,"Dopamine hydrochloride, 99%",Dopamine hydrochloride,,,,,,,,,,,,
Carboxylic Acid,R-4UWD52,SHLFAM,2,,"L-Glutamic acid, ≥99% (HPLC)",L-Glutamic acid,,,,,,,,,,,,
,R-UKQSNX,SHLFAM,2,,"L-Leucine, ≥95% (NT)",L-Leucine,,,,,,,,,,,,
,R-2D8V88,SHLFAM,2,,L-Asparagine,L-Asparagine,,,,,,,,,,,,
,R-PWFYXB,SHLFAM,2,,"trans-4-Hydroxy-L-proline, ≥99%",trans-4-Hydroxy-L-proline,,,,,,,,,,,,
,R-V7UGCD,SHLFAM,2,,"L(-)-Tryptophan, 99%",L(-)-Tryptophan,,,,,,,,,,,,
,R-PR25VC,SHLFAM,2,,"L-Isoleucine, ≥98% (HPLC)",L-Isoleucine,,,,,,,,,,,,
,R-Y9CYEB,SHLFAM,2,,"Cadaverine, 95%",Cadaverine,,,,,,,,,,,,
,R-QFVNNF,SHLFAM,2,,DL-Proline,DL-Proline,,,,,,,,,,,,
,R-4UFXGP,SHLFAM,2,,"DL-Homocysteine, purum; ≥95% (RT)",DL-Homocysteine,,250mg,,,,,,,,,,
,R-PRVKDM,SHLFAM,2,,L-Citrulline,L-Citrulline,,,,,,,,,,,,
,R-V2VZY7,SHLFAM,2,,"L-Cysteine, ≥97%",L-Cysteine,,,,,,,,,,,,
,R-Y6WN95,SHLFAM,2,,L-Lysine,L-Lysine,,,,,,,,,,,,
,R-PP7QV5,SHLFAM,2,,L-Methionine [L-2-Amino-4-(methylthio)-butyric Acid],L-Methionine,,2500mg,,,,,,,,,,
,R-YVRF5K,SHLFAM,2,,L-Asparagine (L-alpha-Aminosuccinamic Acid),L-Asparagine,,,,,,,,,,,,
,R-V8HPUB,SHLFAM,2,,"L-Leucine, reagent grade, ≥98% (HPLC)",L-Leucine,,,,,,,,,,,,
,R-SXJHDS,SHLFAM,2,,"L-Glutamine, ≥99% (HPLC)",L-Glutamine,,,,,,,,,,,,
,R-SVXZMR,SHLFAM,2,,"L-Valine, ≥99.5% (NT)",L-Valine,,,,,,,,,,,,
,R-UAB7TR,SHLFAM,2,,L-Alanine,L-Alanine,,,,,,,,,,,,
,R-V9FCNU,SHLFAM,2,,"L-Arginine, reagent grade, ≥98%",L-Arginine,,,,,,,,,,,,
,R-TPPTET,SHLFAM,2,,"L-Tyrosine, reagent grade, ≥98% (HPLC)",L-Tyrosine,,,,,,,,,,,,
,R-2ADJSQ,SHLFAM,2,,"L(+)-Homoarginine hydrochloride, 98%",L(+)-Homoarginine hydrochloride,,,,,,,,,,,,
,R-ZCF9GX,SHLFAM,2,,"Creatine monohydrate, 99%",Creatine monohydrate,,,,,,,,,,,,
,R-M4VUX9,BOXAM,1,,"D-methionine, minimum 98% TLC",D-methionine,,,,,,,,,,,,
,R-KY9X3K,BOXAM,1,,L-isoleucine ,L-isoleucine ,,,,,,,,,,,,
,R-M7S8EN,BOXAM,1,,L-phenylalanine,,,,,,,,,,,,,
,R-M636DF,BOXAM,1,,L-alanine,,,,,,,,,,,,,
,R-N7UYGG,BOXAM,1,,L-Arginine,,,,,,,,,,,,,
,R-NDKDC5,BOXAM,1,,L-lysine,,,,,,,,,,,,,
,R-NJC7S3,BOXAM,1,,L-tryptophan,,,,,,,,,,,,,
,R-NUG5DT,BOXAM,1,,Glycine,,,,,,,,,,,,,
,R-PS5ABZ,SIEGDEA,5,,"Adenine, 97%",,,,,,,,,,,,,
,R-PV939A,SIEGDEA,2,,Ethanolamine,Ethanolamine,,,,,,,,,,,,
Carboxylic Acid,R-VB2Q2Y,SHLFOH,1,,Hentriacontanoic Acid,Hentriacontanoic Acid (C31:0),,,,,,,,,,,,
Carboxylic Acid,R-VF2SMK,SHLFOH,1,,Octanoic Acid,Octanoic Acid (C8:0),,,,,,,,,,,,
Carboxylic Acid,R-X4PG8Z,SHLFOH,1,,Palmitic Acid,Palmitic Acid (C16:0),,,,,,,,,,,,
Carboxylic Acid,R-WVM24X,SHLFOH,1,,12-hydroxy stearic acid,12-hydroxy stearic acid (C18:0),,,,,,,,,,,,
Carboxylic Acid,R-WEEKT2,SHLFOH,1,,Oleic Acid,"Oleic Acid (C18:1, cis-9)",,,,,,,,,,,,
Carboxylic Acid,R-X37W2F,SHLFOH,1,,dl-lactic acid 80%,dl-lactic acid,,,,,,,,,,,,
Carboxylic Acid,R-WGPYS5,SHLFOH,1,,octadecanoic acid,octadecanoic acid (C18:0),,,,,,,,,,,,
Carboxylic Acid,R-XT3TF5,SHLFOH,1,,1-pyrene sulfonic acid,1-pyrene sulfonic acid,,,,,,,,,,,,
Carboxylic Acid,R-XQZ4SQ,SHLFOH,1,,Palmitic Acid,Palmitic Acid (C16:0),,,,,,,,,,,,
Carboxylic Acid,R-XCTY7T,SHLFOH,1,,Phytonic Acid,Phytonic Acid,,,,,,,,,,,,
Carboxylic Acid,R-XBGRZR,SHLFOH,1,,Oleic Acid,"Oleic Acid (C18:1, cis-9)",,,,,,,,,,,,
Carboxylic Acid,R-YDAFC6,SHLFOH,1,,Fusidic Acid,Fusidic Acid,,,,,,,,,,,,
Carboxylic Acid,R-Y984YY,SHLFOH,1,,"9,10 monohydroxy stearate Na salt","9, 10 dyhydroxy stearate",,,,,,,,,,,,
Carboxylic Acid,R-YZXA58,SHLFOH,1,,Lactic Acid,Lactic Acid,,,,,,,,,,,,
Carboxylic Acid,R-3RRVAK,SHLFOH,1,,Octanoate Na Salt,Octanoate (C8:0),,,,,,,,,,,,
Carboxylic Acid,R-YTNXUW,SHLFOH,1,,Oleic Acid Sodium Salt,Oleiate (C18:1),,,,,,,,,,,,
Carboxylic Acid,R-3BMUAP,SHLFOH,1,,Stearic Acid,Stearic Acid (C18:0),,,,,,,,,,,,
Carboxylic Acid,R-4RPBUD,SHLFOH,1,,Oleic Acid,"Oleic Acid (C18:1, cis-9)",,,,,,,,,,,,
Carboxylic Acid,R-WCS3KF,SHLFOH,1,,"1H-Indole-2-carboxylic acid, 97%",1H-indole-2-carboxylic acid,,,,,,,,,,,,
Carboxylic Acid,R-ZN5VCD,SHLFOH,1,,Heneicosanoic acid (low),Heneicosanoic acid,,,,,,,,,,,,
Carboxylic Acid,R-6AZP45,SHLFOH,1,,3-methyl-n-valeric acid,"3-methyl, n-valeric acid",,,,,,,,,,,,
Carboxylic Acid,R-4XG7CJ,SHLFOH,1,,"DL-Lactic Acid, 85%",DL-lactic acid,,,,,,,,,,,,
Carboxylic Acid,R-6REWK2,SHLFOH,1,,"2-hydroxy-2-methylbutyric acid, 98%",2-hydroxy-2-methylbutyric acid,,,,,,,,,,,,
Carboxylic Acid,R-5B7EV4,SHLFOH,1,,(S)-(+)-2-methyl-butyric acid,"S-+-2-methyl, butyric acid",,,,,,,,,,,,
Carboxylic Acid,R-YDB2NA,SHLFOH,1,,Tetracosanoic acid 99%,Tetracosanoic acid (C24:0),,,,,,,,,,,,
Carboxylic Acid,R-YKTZ4P,SHLFOH,1,,"Hexanoic Acid, 99.5%",Hexanoic Acid (C6:0),,,,,,,,,,,,
Carboxylic Acid,R-XXP8U6,SHLFOH,1,,"2-methylvaleric acid, 98%",2-methylvaleric acid,,,,,,,,,,,,
Carboxylic Acid,R-37YBJ4,SHLFOH,1,,"Picolinic Acid, 99%",Picolinic Acid,,,,,,,,,,,,
Carboxylic Acid,R-6DXUNA,SHLFOH,1,,(+-) 2-hydroxy-3-methyl butyric acid,,,,,,,,,,,,,
Carboxylic Acid,R-2CPMDR,SHLFOH,1,,Behenic acid,Docosanoic acid,,,,,,,,,,,,
Carboxylic Acid,R-6KBHXX,SHLFOH,1,,Octacosanoic acid,Octacosanoic acid (C28:0),,,,,,,,,,,,
Carboxylic Acid,R-4FQ5H4,SHLFOH,1,,2-hydroxy-myristic acid,2-hydroxy-myristic acid,,,,,,,,,,,,
Carboxylic Acid,R-Y94NQR,SHLFOH,1,,DL-b-hydroxy butyric acid,b-hydroxy butyric acid,,,,,,,,,,,,
Carboxylic Acid,R-5JDMZD,SHLFOH,1,,Triacontanoic acid,Melissic Acid (C30:0),,,,,,,,,,,,
Carboxylic Acid,R-4ZCKCG,SHLFOH,1,,Hexacosanoic acid 95%,Cerotic Acid (C26:0),,,,,,,,,,,,
Carboxylic Acid,R-3VTDWP,SHLFOH,1,,Isovaleric acid,Isovaleric acid,,,,,,,,,,,,
Carboxylic Acid,R-YETH7Q,SHLFOH,1,,Arachidic Acid,n-Eicosanoic acid (C20:0),,,,,,,,,,,,
Amine,R-ZHQQR9,SHLFAM,2,,Tyramine,Tyramine,,,,,,,,,,,,
Amine,R-4D7ZSV,SHLFAM,2,,"Taurine, 99%",Taurine,,,,,,,,,,,,
Amine,R-ZBYYYK,SHLFAM,2,,D-Valine,D-Valine,,,,,,,,,,,,
Amine,R-A2YG4X,SHLFAM,2,,Glycyl-L-valine,Glycyl-L-valine,,,,,,,,,,,,
Carboxylic Acid,R-BP4AVS,SYNTHFR,3,,2-Methylsuccinic Acid,2-Methylsuccinic Acid,,,,,,,,,,,,
Carboxylic Acid,R-3ZD5AF,SYNTHFR,3,,Linoleic Acid,Linoleic Acid,,,,,,,,,,,,
Carboxylic Acid,R-SAHDMY,SYNTHFR,3,,y-linolenic acid,gamma linolenic scid,,,,,,,,,,,,
Carboxylic Acid,R-U6R227,SYNTHFR,3,,"cis 5,8,11,14,17-eicosapentaenoic acid",eicosapentaenoic acid,,,,,,,,,,,,
Carboxylic Acid,R-UQC7G3,SYNTHFR,3,,"cis 5,8,11 eicosatrienoic acid",eicostrienoic acid ,,,,,,,,,,,,
Carboxylic Acid,R-VREVXX,SHLFOH,1,,adipic acid HPLC,adipic acid,,,,,,,,,,,,
Carboxylic Acid,R-XFYJHY,SYNTHFR,3,,cis-11-eicosenoic acid,eicosenoic acid,,,,,,,,,,,,
Carboxylic Acid,R-Z65VDC,SYNTHFR,3,,cis-vaccenic acid,vaccenic acid,,,,,,,,,,,,
Carboxylic Acid,R-2WBCPW,SHLFOH,1,,"1,11-undecanedicarboxylic acid",undecanedicarboxylic acid,,,,,,,,,,,,
Carboxylic Acid,R-5P5T4X,SHLFOH,1,,Prostaglandin A1,Prostanglandin ,,,,,,,,,,,,
Carboxylic Acid,R-6UZBUP,SHLFOH,1,,suberic acid,suberic acid,,,,,,,,,,,,
Carboxylic Acid,R-9KBHYB,SHLFOH,1,,5-phenylvaleric acid,phenylvaleric acid,,,,,,,,,,,,
Carboxylic Acid,R-56U7BJ,SHLFOH,1,,3-methylglutaric acid,methylglutaric acid,,,,,,,,,,,,
Carboxylic Acid,R-77RQR2,SHLFOH,1,,12-hydroxystearic acid,hydroxystearic acid,,,,,,,,,,,,
Carboxylic Acid,R-B2FJ36,SHLFOH,1,,Prostaglandin E2,prostaglandin,,,,,,,,,,,,
Carboxylic Acid,R-BXCKJR,SHLFOH,1,,Decanoic Acid 99%,decanoic acid,,,,,,,,,,,,
Carboxylic Acid,R-DBVD3G,SHLFOH,1,,trans-3-hexenedoic acid,hexedenedoic acid,,,,,,,,,,,,
Carboxylic Acid,R-EMA75D,SHLFOH,1,,hexadecanedioic acid,hexadecanedioic acid,,,,,,,,,,,,
Carboxylic Acid,R-FWD4ZY,SYNTHFR,1,,"all cis-8,11,14-eicosatrienoic acid",eicosatrienoic acid,,,,,,,,,,,,
Carboxylic Acid,R-G97RW8,SHLFOH,1,,(R)-(+)-methylsuccinic acid,methylsuccinic acid,,,,,,,,,,,,
Carboxylic Acid,R-EMNK59,SYNTHFR,1,,"Myristoleic Acid, >99%",Myristoleic Acid,,,,,,,,,,,,
Carboxylic Acid,R-DSDVZA,SHLFOH,1,,Mesaconic Acid,Mesaconic Acid,,,,,,,,,,,,
Carboxylic Acid,R-C9S83Y,SHLFOH,1,,2-isopropylmalic Acid,2-isopropylmalic Acid,,,,,,,,,,,,
Carboxylic Acid,R-B7FN8F,SYNTHFR,1,,Prostaglandin E1,Prostaglandin E1,,,,,,,,,,,,
Carboxylic Acid,R-97BYHD,SYNTHFR,1,,4-Hydroxy-L-Isoleucine,4-Hydroxy-L-Isoleucine,,,,,,,,,,,,
Carboxylic Acid,R-SMPQDS,MNUS80,1,,Arachidonic Acid,Arachidonic Acid,,,,,,,,,,,,
Carboxylic Acid,R-USQKZH,MNUS80,NA,,(+-)8-HEPE,(+-)8-HEPE,,,,,,,,,,,,
Carboxylic Acid,R-U33K54,MNUS80,NA,,"13,14-dihydro-15-keto Prostaglandin D2","13,14-dihydro-15-keto Prostaglandin D2",,,,,,,,,,,,
,R-WMVZRG,SYNTHFR20,1,,cis-11-methyl-2-dodecenoic acid,cis-11-methyl-2-dodecenoic acid,,,,,,,,,,,,
,R-XX9J7H,SYNTHFR,1,,cis-9-hexadecenoic acid,,,,,,,,,,,,,
,R-THA2MN,SHLFOH,1,,2-methylglutaric acid,,,,,,,,,,,,,
,R-WQU76D,SHLFOH,1,,"1,9-Nonanedicarboxylic acid",,,,,,,,,,,,,
,R-T77TYP,SHLFOH,1,,Elaidic Acid,,,,,,,,,,,,,
,R-U76D8F,SHLFOH,1,,L-Pyroglutamic Acid,,,,,,,,,,,,,
,R-UA6G36,SHLFOH,1,,Azelaic Acid,,,,,,,,,,,,,
,R-VBFSYH,SHLFOH,1,,Dodecanedioic acid,,,,,,,,,,,,,
,R-V74MEN,SHLFOH,1,,Sebacic Acid,,,,,,,,,,,,,
,R-57M57A,SHLFOH,1,,Pimelic Acid,,,,,,,,,,,,,
,R-YDG5K9,SYNTHFR20,1,,13(S)-HODE,,,,,,,,,,,,,
,R-3AZN3N,SYNTHFR20,1,,12(S)-hydroxy-16-heptadecynoic Acid,,,,,,,,,,,,,
,R-5QN87R,SYNTHFR20,1,,(+-)9(10)-EpOME,,,,,,,,,,,,,
,R-7DZDVD,SYNTHFR20,1,,"9,12-Octadecadiynoic Acid",,,,,,,,,,,,,
,R-ZQKD6H,SYNTHFR20,1,,Bicyclo Prostaglandin E2,,,,,,,,,,,,,
,R-9KCRMY,SYNTHFR20,1,,(+-)12(13)-EpOME,,,,,,,,,,,,,
,R-WZUHRW,SHLFOH,1,,mono-methyl glutarate,,,,,,,,,,,,,
,R-5RMEAH,SHLFOH,1,,Caffeic Acid,,,,,,,,,,,,,
,R-ZTNW95,SHLFOH,1,,9-Decenoic Acid,,,,,,,,,,,,,
,R-4MS8QT,SHLFOH,1,,Propionyl Chloride,,,,,,,,,,,,,
,R-YJDBD9,SHLFAM,1,,Isobutylamine,,,,,,,,,,,,,
,R-2FQGZY,SHLFAM,1,,Ethylenediamine,,,,,,,,,,,,,
,R-7VDEU8,SHLFAM,1,,Cadaverine,,,,,,,,,,,,,
,R-6DEKHW,SYNTHFR20,1,,Pinolenic Acid,,,,,,,,,,,,,
,R-38DA9Q,SYNTHFR20,1,,Prostaglandin B1,,,,,,,,,,,,,
,R-8JQKHE,SYNTHFR20,1,,Stearidonic Acid,,,,,,,,,,,,,
,R-5EKXZR,SYNTHFR20,1,,Prostaglandin I2 (Sodium Salt),,,,,,,,,,,,,
,R-BAHPHH,SYNTHFR20,1,,"9(E), 11(E)-Octadecadienoic Acid, Conjugated linoleic acid",,,,,,,,,,,,,
,R-7TQK77,SYNTHFR,1,,trans-2-hexenoic acid,,,,,,,,,,,,,
,R-28FD9Q,SHLFOH,1,,Octacosanoic Acid,,,,,,,,,,,,,
,R-7GZVYR,SHLFOH,1,,4-pentenoic acid,,,,,,,,,,,,,
,R-7EKUAY,SHLFOH,1,,3-hydroxybutyric acid,,,,,,,,,,,,,
,R-7XFKFE,SHLFOH,1,,trans-Crotonic acid,,,,,,,,,,,,,
,R-BAD4E4,SHLFOH,1,,Heneicosanoic acid,,,,,,,,,,,,,
,,SIEGFR,NA,,H-Ala-OtBu,H-Ala-OtBu,,,,,,,,,,,,
,Ordered,,NA,,H-Pro-OtBu,H-Pro-OtBu,,,,,,,,,,,,
,Ordered,,NA,,H-Gly-OtBu,H-Gly-OtBu,,,,,,,,,,,,
,Ordered,,NA,,H-Gln-OtBu,H-Gln-OtBu,,,,,,,,,,,,
,Ordered,,NA,,H-Asp-OtBu,H-Asp-OtBu,,,,,,,,,,,,
,Ordered,,NA,,H-Thr-OtBu,H-Thr-OtBu,,,,,,,,,,,,
,,SIEGFR,NA,,H-Val-OtBu,H-Val-OtBu,,,,,,,,,,,,
,Ordered,,NA,,H-Ile-OtBu,H-Iso-OtBu,,,,,,,,,,,,
,Ordered,,NA,,H-Lys-OtBu,H-Lys-OtBu,,,,,,,,,,,,
,Ordered,,NA,,H-Leu-OtBu,H-Leu-OtBu,,,,,,,,,,,,
,Ordered,,NA,,H-Trp-OtBu,H-Trp-OtBu,,,,,,,,,,,,
,Ordered,,NA,,H-Phe-OtBu,H-Phe-OtBu,,,,,,,,,,,,
,Ordered,,NA,,H-Tyr-OtBu,H-Tyr-OtBu,,,,,,,,,,,,
,,,NA,,H-His-OtBu,H-His-OtBu,,,,,,,,,,,,
,Ordered,,NA,,H-Asn-OtBu,H-Asn-OtBu,,,,,,,,,,,,
,Ordered,,NA,,H-Ser-OtBu,H-Ser-OtBu,,,,,,,,,,,,
,,,NA,,H-Arg-OtBu,H-Arg-OtBu,,,,,,,,,,,,
,Ordered,,NA,,H-Glu-OtBu,H-Glu-OtBu,,,,,,,,,,,,
,,,NA,,H-Cys-OtBu,H-Cys-OtBu,,,,,,,,,,,,
,Ordered,,NA,,H-Met-OtBu,H-Met-OtBu,,,,,,,,,,,,
,R-7TKYFX,,,,Phenethylamine,,,,,,,,,,,,,
,R-85EUFV,,,,Tryptamine,,,,,,,,,,,,,
,R-52YWH3,,,,Tryptamine Hydrochloride,,,,,,,,,,,,,
,R-8M2DCV,,,,5-methoxy tryptamine,,,,,,,,,,,,,
,R-78NZAU,,,,Serotonin HCl,,,,,,,,,,,,,
,R-9PFBE5,,,,L-2-aminoadipic acid,,,,,,,,,,,,,
,R-87DNG3,,,,3-methoxytyramine HCl,,,,,,,,,,,,,
,R-65CSCV,,,,Cadaverine,,,,,,,,,,,,,
,R-AZWGAX,,,,3-hydroxy-DL-kynurenine,,,,,,,,,,,,,
,R-G2YZ2T,,,,L-Norvaline,,,,,,,,,,,,,
,R-AK4HEV,,,,L-Kynurenine,,,,,,,,,,,,,
,R-GYA9KG,,,,L-Anserine nitrate,,,,,,,,,,,,,
,R-G8EQXS,,,,L-Anserine nitrate,,,,,,,,,,,,,
,R-HMQN9F,,,,Histamine,,,,,,,,,,,,,
,R-HAC8N8,,,,GABA,,,,,,,,,,,,,